pdb_chain,mut_from,mut_to,gene_no,ddg
A,THR,MET,5,-0.0752827
A,GLY,ARG,6,-0.148703
A,PRO,LEU,10,2.14731
A,ALA,VAL,18,0.375121
M,ALA,VAL,18,0.662146
A,ASP,GLY,21,0.696185
M,ASP,GLY,21,1.5704685
A,PRO,SER,38,3.44225
M,PRO,SER,38,3.581905
A,HIS,TYR,48,-1.60884
M,HIS,TYR,48,-0.644785
A,GLY,SER,58,4.17697
M,GLY,SER,58,5.342365
A,GLY,VAL,59,9.69949
M,GLY,VAL,59,9.88406
A,LYS,THR,62,1.19605
M,LYS,THR,62,0.45267500000000005
A,GLU,LYS,65,0.056344
M,GLU,LYS,65,0.004549849999999999
A,GLU,LYS,71,0.169515
M,GLU,LYS,71,-0.4402335
A,ILE,PHE,72,1.37604
M,ILE,PHE,72,-1.234379
A,VAL,ILE,73,1.35445
M,VAL,ILE,73,0.12980150000000001
A,GLU,LYS,75,-0.794174
M,GLU,LYS,75,-0.2583315
A,HIS,TYR,105,-0.465552
M,HIS,TYR,105,-0.62591405
A,ASP,ASN,109,0.364919
M,ASP,ASN,109,0.22044504999999998
A,GLY,ASP,125,0.0327549
M,GLY,ASP,125,4.93382
A,PRO,LEU,128,1.39051
M,PRO,LEU,128,0.9994285
A,GLY,ARG,168,1.32988
H,GLY,ARG,168,-1.33936
M,GLY,ARG,168,5.477
A,ASN,LYS,171,-0.595454
H,ASN,LYS,171,-0.982544
M,ASN,LYS,171,1.577848
A,GLU,LYS,194,-0.163732
H,GLU,LYS,194,-0.261371
M,GLU,LYS,194,-0.151943
A,GLY,TRP,208,11.6652
H,GLY,TRP,208,0.501068
M,GLY,TRP,208,6.754035
A,SER,PHE,216,0.526859
H,SER,PHE,216,-0.443028
M,SER,PHE,216,3.083985
A,SER,PHE,218,-1.05732
H,SER,PHE,218,-0.420001
M,SER,PHE,218,-0.5971345
A,VAL,GLY,220,1.20233
H,VAL,GLY,220,1.17043
M,VAL,GLY,220,2.4835700000000003
A,ASP,ASN,242,0.651201
H,ASP,ASN,242,1.02266
M,ASP,ASN,242,0.20028899999999997
A,ARG,CYS,247,2.64424
H,ARG,CYS,247,0.912985
M,ARG,CYS,247,2.13082
A,GLU,GLY,267,0.583099
H,GLU,GLY,267,0.68244
M,GLU,GLY,267,0.794222
A,HIS,TYR,271,0.0219095
H,HIS,TYR,271,0.035817
M,HIS,TYR,271,-0.4531335
A,PRO,LEU,272,0.0995124
H,PRO,LEU,272,1.25002
M,PRO,LEU,272,1.166658
A,PRO,LEU,273,0.807483
H,PRO,LEU,273,0.478027
M,PRO,LEU,273,1.78515
A,ASP,VAL,280,4.82215
H,ASP,VAL,280,-0.281818
M,ASP,VAL,280,2.348095
A,VAL,GLU,286,7.67867
H,VAL,GLU,286,1.8754
M,VAL,GLU,286,2.5174849999999998
A,ARG,LYS,294,-0.0466487
H,ARG,LYS,294,-0.0673099
M,ARG,LYS,294,0.204048
A,LEU,PHE,296,2.55896
H,LEU,PHE,296,10.625
M,LEU,PHE,296,3.92547
A,SER,PHE,297,12.7557
H,SER,PHE,297,2.84318
M,SER,PHE,297,-0.7390805
A,GLU,LYS,299,-0.525183
H,GLU,LYS,299,4.04218
M,GLU,LYS,299,-1.1097825000000001
A,ALA,PRO,307,5.24078
H,ALA,PRO,307,4.48387
M,ALA,PRO,307,5.1333400000000005
A,ARG,CYS,314,2.39972
H,ARG,CYS,314,1.11298
M,ARG,CYS,314,1.879465
A,LEU,PHE,318,4.54363
H,LEU,PHE,318,0.516426
M,LEU,PHE,318,0.5656730000000001
A,PHE,LEU,324,0.607547
H,PHE,LEU,324,0.517146
M,PHE,LEU,324,0.9754115
A,LEU,SER,330,2.53054
H,LEU,SER,330,3.02147
M,LEU,SER,330,2.45171
A,LEU,SER,335,4.98812
H,LEU,SER,335,1.39609
M,LEU,SER,335,3.335705
A,THR,ILE,351,-2.1204
M,THR,ILE,351,-1.75354
A,MET,ILE,364,0.91456
M,MET,ILE,364,0.11308299999999999
A,SER,LEU,365,1.29084
M,SER,LEU,365,0.038974000000000036
A,LYS,GLU,371,1.04366
M,LYS,GLU,371,2.039885
A,ARG,LYS,373,0.1919
M,ARG,LYS,373,0.07852735
A,LEU,SER,378,5.6459
M,LEU,SER,378,2.764345
A,GLY,ARG,379,-0.250425
M,GLY,ARG,379,-0.37481899999999996
A,LEU,PHE,381,0.958506
M,LEU,PHE,381,0.3688475
A,ASP,ASN,386,0.353571
M,ASP,ASN,386,-0.06786
A,ASP,TYR,386,-0.0384541
M,ASP,TYR,386,-0.42619549999999995
A,GLU,LYS,393,0.108304
M,GLU,LYS,393,0.10218949999999999
A,ASP,ASN,396,3.75176
M,ASP,ASN,396,2.22994
A,TYR,HIS,400,2.58646
M,TYR,HIS,400,1.389025
A,TYR,PHE,400,-0.787405
M,TYR,PHE,400,-1.55524
A,THR,ILE,408,0.0860861
M,THR,ILE,408,0.19147199999999998
A,THR,LEU,408,-0.134039
M,THR,LEU,408,-0.4724175
A,THR,MET,426,2.48508
M,THR,MET,426,-0.5694145
A,VAL,LEU,439,1.90698
M,VAL,LEU,439,0.4409831
A,ASP,ASN,444,0.649273
M,ASP,ASN,444,0.61423605
A,MET,ARG,445,0.363633
M,MET,ARG,445,1.0376105
A,SER,PHE,451,0.250046
M,SER,PHE,451,-1.2791455
A,MET,ILE,452,1.05463
M,MET,ILE,452,0.534671
A,VAL,ILE,465,1.49897
M,VAL,ILE,465,-0.494156
A,PRO,SER,471,0.664191
M,PRO,SER,471,0.617685
A,VAL,ALA,489,0.0403804
M,VAL,ALA,489,0.110942
A,ALA,THR,500,0.184593
M,ALA,THR,500,0.990669
A,VAL,ILE,504,0.145873
M,VAL,ILE,504,0.0673212
A,VAL,ALA,509,0.231685
M,VAL,ALA,509,-0.0124051
A,GLY,GLU,514,-0.110145
M,GLY,GLU,514,11.0429
A,HIS,TYR,531,-0.952819
A,PRO,LEU,536,1.55277
A,SER,PHE,541,-1.02283
A,LEU,PHE,550,0.591592
A,THR,SER,552,0.263227
A,ASP,ALA,585,1.1595
A,SER,TYR,586,0.181063
A,GLY,GLU,598,4.59074
A,GLY,LEU,598,2.5871
A,ARG,GLN,601,-0.252112
A,PRO,SER,605,1.43692
A,ARG,CYS,623,0.697916
A,PRO,LEU,628,-1.76265
A,GLY,ARG,638,0.833926
A,SER,LEU,643,0.694643
A,THR,SER,645,-1.43374
A,HIS,TYR,649,-0.163487
A,THR,ALA,653,0.102736
A,PRO,SER,670,-0.742254
A,GLY,ASN,673,4.40668
A,HIS,TYR,675,-0.756752
A,ARG,ILE,683,1.33351
A,PRO,ALA,685,1.46592
A,PRO,LEU,685,0.852644
A,PRO,SER,685,1.41543
A,PRO,LEU,688,2.06035
A,SER,LEU,689,-0.476296
A,PRO,PHE,690,-1.09634
A,THR,ILE,692,0.86335
A,LYS,GLU,706,0.55089
A,PRO,SER,708,-1.15884
A,PRO,SER,710,0.0849472
A,ALA,VAL,716,3.21039
A,VAL,GLY,718,0.986037
A,GLY,ARG,736,3.69238
A,PRO,LEU,738,-2.18307
A,PRO,SER,753,-0.152089
A,PRO,LEU,774,-1.57729
A,VAL,MET,778,-0.324729
A,PRO,LEU,780,-2.34223
A,GLY,ARG,781,-0.127723
A,PRO,LEU,784,0.269015
A,PRO,SER,784,0.298056
A,VAL,ILE,791,1.5211
A,SER,LEU,816,0.612808
A,GLY,ASP,818,4.3695
A,ALA,THR,838,-0.606685
A,PRO,SER,850,0.862703
A,PRO,LEU,851,-1.34753
A,VAL,ALA,854,0.0854389
A,THR,ALA,856,2.31745
A,SER,PHE,859,-0.698782
A,SER,LEU,866,0.294094
A,VAL,GLU,872,-0.426949
A,THR,SER,879,0.0840258
A,SER,LEU,889,1.9077
A,ARG,THR,890,1.15045
A,GLY,GLU,892,1.6316
A,PRO,LEU,902,-1.52923
A,PRO,SER,902,-2.36483
A,SER,LEU,907,-0.179595
A,PRO,LEU,951,-0.989025
A,PRO,SER,955,-0.232022
A,VAL,ILE,960,-0.0135405
A,GLY,VAL,964,3.1439
A,PRO,LEU,970,-0.518199
A,PRO,SER,970,-1.0283
A,SER,PHE,972,0.627988
A,PRO,ALA,976,1.4239
A,PRO,SER,985,-1.26288
A,ALA,VAL,987,0.314696
A,PRO,ARG,1022,-1.04712
A,PRO,SER,1022,-1.41404
A,VAL,GLU,1036,-0.139198
A,VAL,ILE,1036,0.80245
A,GLY,GLU,1048,5.64517
A,VAL,ALA,1049,0.235023
A,PRO,LEU,1052,1.93232
A,GLU,LYS,1056,0.453297
A,SER,LEU,1057,2.13653
A,LEU,PHE,1063,-0.0958069
A,PRO,LEU,1066,-1.61272
A,PRO,SER,1066,-1.78638
A,PRO,SER,1070,-0.951513
A,SER,LEU,1071,0.50836
A,PRO,LEU,1080,-0.315661
A,PRO,SER,1080,0.222075
A,PRO,LEU,1082,0.368427
A,PRO,SER,1086,-1.44433
A,ARG,LYS,1091,-0.0506803
A,PRO,LEU,1093,-0.715103
A,PRO,SER,1095,-1.31964
A,GLY,GLU,1110,3.40972
A,THR,ILE,1115,0.0969921
A,VAL,PHE,1127,-0.53775
A,PRO,SER,1131,-0.792149
A,PRO,SER,1136,-1.84604
A,SER,LEU,1137,-0.383017
A,ILE,ASN,1145,0.321473
A,ILE,VAL,1145,1.18684
A,SER,LEU,1146,0.890916
A,SER,LEU,1157,-0.371156
A,GLY,GLU,1166,4.83728
A,VAL,GLU,1177,-0.0139838
A,PHE,SER,1182,0.877747
A,SER,ASP,1188,-0.397111
A,SER,ILE,1188,0.0807569
A,GLY,GLU,1190,4.52968
A,GLY,GLU,1200,4.11955
A,THR,ILE,1202,0.27189
A,GLY,GLU,1205,4.19819
A,VAL,ILE,1214,-0.275909
A,PRO,SER,1224,-2.90894
A,GLY,ARG,1226,2.28955
A,LYS,ASN,1246,0.117021
A,PRO,LEU,1269,0.206042
A,PRO,SER,1269,0.637657
A,SER,PHE,1270,0.0152386
A,ARG,GLN,1272,0.790654
A,GLY,GLU,1274,-0.732912
A,ALA,VAL,1275,1.48537
A,ASP,GLU,1282,-0.342232
A,ASP,TYR,1282,-0.387264
A,GLU,LYS,1285,0.185905
A,GLU,LYS,1287,0.234719
A,LEU,PHE,1293,0.0218668
A,SER,LEU,1302,2.38157
A,PRO,LEU,1306,0.61812
A,PRO,SER,1306,0.700735
A,GLU,LYS,1332,-0.0671192
A,GLU,LYS,1342,0.299615
A,ILE,LEU,1344,0.098743
A,ASP,ASN,1348,-1.21387
A,PRO,SER,1356,-0.293642
A,ASP,ASN,1365,-0.250427
A,HIS,TYR,1371,-0.121339
A,PRO,LEU,1395,-1.64236
A,GLY,ARG,1397,1.1623
A,ARG,LYS,1414,0.0141561
A,ILE,VAL,1431,1.00437
A,ALA,THR,1437,-1.14703
A,ALA,VAL,1437,0.60815
A,SER,ASN,1443,-0.277781
A,GLY,ASP,1444,4.08263
A,SER,LEU,1454,0.314949
A,SER,LEU,1458,0.284343
A,ASP,ASN,1459,-2.33471
A,HIS,GLN,1472,-0.189665
A,THR,ILE,1474,1.80052
A,GLY,ARG,1490,2.47639
A,SER,PHE,1496,-0.286845
A,PRO,LEU,1497,-0.815731
A,ASP,GLU,1502,-0.69915
A,SER,PHE,1505,-0.303855
A,GLU,ALA,1520,0.597367
A,VAL,ILE,1527,0.230524
A,PRO,LEU,1531,0.586018
A,PRO,SER,1531,0.672734
A,LYS,GLU,1533,0.737504
A,PRO,LEU,1544,1.03999
A,VAL,ALA,1554,2.159
A,PRO,SER,1562,1.75886
A,GLU,LYS,1571,-0.19923
A,VAL,LEU,1585,-0.103681
A,PRO,LEU,1590,-0.25492
A,ASN,LYS,1592,-0.482677
A,VAL,ILE,1601,-0.224125
A,PRO,LEU,1614,-2.3362
A,MET,ILE,1625,0.389586
A,GLY,GLU,1629,3.39255
A,CYS,PHE,1639,1.99232
A,PHE,CYS,1643,2.21138
A,ALA,THR,1654,1.34542
A,GLY,GLU,1659,-0.339442
A,PRO,SER,1664,2.10102
A,GLY,ASP,1671,2.48343
A,ARG,GLN,1679,1.34871
A,SER,PHE,1681,-0.69037
A,PHE,SER,1682,4.84017
A,HIS,ARG,1685,0.0310687
A,ASP,ASN,1688,0.397412
A,GLY,ARG,1709,4.11019
A,PRO,HIS,1727,-0.902884
A,PRO,SER,1727,-0.95003
A,ALA,VAL,1732,0.177432
A,ARG,GLY,1745,1.52471
A,ARG,LYS,1745,-0.435184
A,GLY,ARG,1747,-0.615501
A,LEU,PHE,1751,0.466119
A,ARG,GLN,1769,3.64326
M,ARG,GLN,1769,1.22392
A,ALA,VAL,1773,2.77524
M,ALA,VAL,1773,-2.4038
A,LEU,ILE,1776,1.99081
M,LEU,ILE,1776,1.09219
A,LYS,GLN,1777,0.760432
M,LYS,GLN,1777,0.517358
A,SER,LEU,1783,8.30782
M,SER,LEU,1783,7.26689
A,ARG,CYS,1787,2.9279
M,ARG,CYS,1787,2.05352
A,GLU,LYS,1806,0.196068
M,GLU,LYS,1806,-0.803517
