pdb,pdb_mut,pdb_rid,pdb_chain,gene_no,mut_from,mut_to,ddg
3v79_rep2,HISR941H,941,R,1764,HIS,HIS,0.0
3v79_rep2,HISR941Q,941,R,1764,HIS,GLN,0.750986
3v79_rep2,GLYR942G,942,R,1765,GLY,GLY,0.0
3v79_rep2,GLYR942V,942,R,1765,GLY,VAL,6.2648
3v79_rep2,LEUR944L,944,R,1767,LEU,LEU,0.0
3v79_rep2,LEUR944F,944,R,1767,LEU,PHE,0.588847
3v79_rep2,TRPR945W,945,R,1768,TRP,TRP,0.0
3v79_rep2,TRPR945L,945,R,1768,TRP,LEU,0.928757
3v79_rep2,PROR947P,947,R,1770,PRO,PRO,0.0
3v79_rep2,PROR947F,947,R,1770,PRO,PHE,1.19049
3v79_rep2,PROR947P,947,R,1770,PRO,PRO,0.0
3v79_rep2,PROR947R,947,R,1770,PRO,ARG,2.63627
3v79_rep2,HISR941H,941,R,1764,HIS,HIS,0.0
3v79_rep2,HISR941Q,941,R,1764,HIS,GLN,0.750986
3v79_rep2,GLYR942G,942,R,1765,GLY,GLY,0.0
3v79_rep2,GLYR942V,942,R,1765,GLY,VAL,6.2648
3v79_rep2,LEUR944L,944,R,1767,LEU,LEU,0.0
3v79_rep2,LEUR944F,944,R,1767,LEU,PHE,0.588847
3v79_rep2,TRPR945W,945,R,1768,TRP,TRP,0.0
3v79_rep2,TRPR945L,945,R,1768,TRP,LEU,0.928757
3v79_rep2,PROR947P,947,R,1770,PRO,PRO,0.0
3v79_rep2,PROR947F,947,R,1770,PRO,PHE,1.19049
3v79_rep2,PROR947P,947,R,1770,PRO,PRO,0.0
3v79_rep2,PROR947R,947,R,1770,PRO,ARG,2.63627
