gene,variant,residue,bases,candidates
notch1,G34D,34,1,AF-P46531-F1-model_v2 
notch1,G42S,42,1,AF-P46531-F1-model_v2 
notch1,A45V,45,1,AF-P46531-F1-model_v2 
notch1,C46F,46,1,AF-P46531-F1-model_v2 
notch1,C48F,48,1,AF-P46531-F1-model_v2 
notch1,G50E,50,1,AF-P46531-F1-model_v2 
notch1,G50R,50,1,AF-P46531-F1-model_v2 
notch1,G54V,54,1,AF-P46531-F1-model_v2 
notch1,P62S,62,1,AF-P46531-F1-model_v2 
notch1,P62R,62,1,AF-P46531-F1-model_v2 
notch1,C63Y,63,1,AF-P46531-F1-model_v2 
notch1,S65C,65,1,AF-P46531-F1-model_v2 
notch1,T66I,66,1,AF-P46531-F1-model_v2 
notch1,P67S,67,1,AF-P46531-F1-model_v2 
notch1,P67L,67,1,AF-P46531-F1-model_v2 
notch1,P67F,67,2,AF-P46531-F1-model_v2 
notch1,C68W,68,1,AF-P46531-F1-model_v2 
notch1,N70S,70,1,AF-P46531-F1-model_v2 
notch1,G72E,72,1,AF-P46531-F1-model_v2 
notch1,G72K,72,2,AF-P46531-F1-model_v2 
notch1,G72R,72,1,AF-P46531-F1-model_v2 
notch1,V82M,82,1,AF-P46531-F1-model_v2 
notch1,Y85N,85,1,AF-P46531-F1-model_v2 
notch1,Y85C,85,1,AF-P46531-F1-model_v2 
notch1,C87R,87,1,AF-P46531-F1-model_v2 
notch1,C89W,89,1,AF-P46531-F1-model_v2 
notch1,G92N,92,2,AF-P46531-F1-model_v2 
notch1,G92D,92,1,AF-P46531-F1-model_v2 
notch1,F93I,93,1,AF-P46531-F1-model_v2 
notch1,G95R,95,1,AF-P46531-F1-model_v2 
notch1,G95K,95,2,AF-P46531-F1-model_v2 
notch1,P96S,96,1,AF-P46531-F1-model_v2 
notch1,P96L,96,1,AF-P46531-F1-model_v2 
notch1,L97F,97,2,AF-P46531-F1-model_v2 
notch1,C98S,98,1,AF-P46531-F1-model_v2 
notch1,C98Y,98,1,AF-P46531-F1-model_v2 
notch1,C98F,98,1,AF-P46531-F1-model_v2 
notch1,L99Q,99,1,AF-P46531-F1-model_v2 
notch1,L99R,99,1,AF-P46531-F1-model_v2 
notch1,T100K,100,1,AF-P46531-F1-model_v2 
notch1,P101L,101,2,AF-P46531-F1-model_v2 
notch1,P101S,101,1,AF-P46531-F1-model_v2 
notch1,P101F,101,2,AF-P46531-F1-model_v2 
notch1,N104S,104,1,AF-P46531-F1-model_v2 
notch1,A105S,105,1,AF-P46531-F1-model_v2 
notch1,C106Y,106,1,AF-P46531-F1-model_v2 
notch1,C106V,106,2,AF-P46531-F1-model_v2 
notch1,P110S,110,1,AF-P46531-F1-model_v2 
notch1,P110L,110,1,AF-P46531-F1-model_v2 
notch1,C111F,111,1,AF-P46531-F1-model_v2 
notch1,C111Y,111,1,AF-P46531-F1-model_v2 
notch1,R112G,112,1,AF-P46531-F1-model_v2 
notch1,R112C,112,1,AF-P46531-F1-model_v2 
notch1,N113S,113,1,AF-P46531-F1-model_v2 
notch1,N113D,113,1,AF-P46531-F1-model_v2 
notch1,G114A,114,1,AF-P46531-F1-model_v2 
notch1,G114R,114,1,AF-P46531-F1-model_v2 
notch1,G114E,114,1,AF-P46531-F1-model_v2 
notch1,G114K,114,2,AF-P46531-F1-model_v2 
notch1,G115S,115,1,AF-P46531-F1-model_v2 
notch1,G115C,115,1,AF-P46531-F1-model_v2 
notch1,G115V,115,1,AF-P46531-F1-model_v2 
notch1,G115D,115,1,AF-P46531-F1-model_v2 
notch1,G115N,115,2,AF-P46531-F1-model_v2 
notch1,T116I,116,1,AF-P46531-F1-model_v2 
notch1,L120P,120,1,AF-P46531-F1-model_v2 
notch1,E124K,124,1,AF-P46531-F1-model_v2 
notch1,Y125D,125,1,AF-P46531-F1-model_v2 
notch1,Y125C,125,1,AF-P46531-F1-model_v2 
notch1,C127R,127,1,AF-P46531-F1-model_v2 
notch1,C129Y,129,1,AF-P46531-F1-model_v2 
notch1,C129G,129,1,AF-P46531-F1-model_v2 
notch1,P131A,131,1,AF-P46531-F1-model_v2 
notch1,P131T,131,1,AF-P46531-F1-model_v2 
notch1,P131L,131,2,AF-P46531-F1-model_v2 
notch1,P131F,131,2,AF-P46531-F1-model_v2 
notch1,G132D,132,1,AF-P46531-F1-model_v2 
notch1,G132S,132,1,AF-P46531-F1-model_v2 
notch1,G135W,135,1,AF-P46531-F1-model_v2 
notch1,G135R,135,1,AF-P46531-F1-model_v2 
notch1,S137L,137,1,AF-P46531-F1-model_v2 
notch1,C138R,138,1,AF-P46531-F1-model_v2 
notch1,P143S,143,1,AF-P46531-F1-model_v2 5fm9 5fma 
notch1,S146F,146,1,AF-P46531-F1-model_v2 5fm9 5fma 
notch1,P148L,148,1,AF-P46531-F1-model_v2 5fm9 5fma 
notch1,P148F,148,2,AF-P46531-F1-model_v2 5fm9 5fma 
notch1,P148S,148,1,AF-P46531-F1-model_v2 5fm9 5fma 
notch1,C149W,149,1,AF-P46531-F1-model_v2 5fm9 5fma 
notch1,N151I,151,1,AF-P46531-F1-model_v2 5fm9 5fma 
notch1,N151S,151,1,AF-P46531-F1-model_v2 5fm9 5fma 
notch1,G153N,153,2,AF-P46531-F1-model_v2 5fm9 5fma 
notch1,G153D,153,1,AF-P46531-F1-model_v2 5fm9 5fma 
notch1,G153C,153,1,AF-P46531-F1-model_v2 5fm9 5fma 
notch1,G153S,153,1,AF-P46531-F1-model_v2 5fm9 5fma 
notch1,C166Y,166,1,AF-P46531-F1-model_v2 5fm9 
notch1,C166F,166,1,AF-P46531-F1-model_v2 5fm9 
notch1,P167S,167,1,AF-P46531-F1-model_v2 5fm9 
notch1,P168L,168,1,AF-P46531-F1-model_v2 5fm9 
notch1,P168S,168,1,AF-P46531-F1-model_v2 5fm9 
notch1,G172C,172,1,AF-P46531-F1-model_v2 5fm9 
notch1,G172S,172,1,AF-P46531-F1-model_v2 5fm9 
notch1,P173S,173,1,AF-P46531-F1-model_v2 5fm9 
notch1,C175Y,175,1,AF-P46531-F1-model_v2 5fm9 
notch1,R176W,176,1,AF-P46531-F1-model_v2 5fm9 
notch1,R176Q,176,2,AF-P46531-F1-model_v2 5fm9 
notch1,Q177P,177,1,AF-P46531-F1-model_v2 5fm9 
notch1,D178N,178,2,AF-P46531-F1-model_v2 5fm9 
notch1,N180K,180,1,AF-P46531-F1-model_v2 5fm9 
notch1,N180S,180,1,AF-P46531-F1-model_v2 5fm9 
notch1,N180I,180,1,AF-P46531-F1-model_v2 5fm9 
notch1,E181D,181,1,AF-P46531-F1-model_v2 5fm9 
notch1,P186L,186,1,AF-P46531-F1-model_v2 5fm9 
notch1,G187E,187,1,AF-P46531-F1-model_v2 5fm9 
notch1,G187K,187,2,AF-P46531-F1-model_v2 5fm9 
notch1,R190C,190,1,AF-P46531-F1-model_v2 5fm9 
notch1,G192R,192,1,AF-P46531-F1-model_v2 5fm9 
notch1,G192E,192,1,AF-P46531-F1-model_v2 5fm9 
notch1,G193A,193,1,AF-P46531-F1-model_v2 5fm9 
notch1,G193S,193,1,AF-P46531-F1-model_v2 5fm9 
notch1,N197I,197,1,AF-P46531-F1-model_v2 5fm9 
notch1,V199I,199,2,AF-P46531-F1-model_v2 5fm9 
notch1,G200N,200,2,AF-P46531-F1-model_v2 5fm9 
notch1,R203C,203,1,AF-P46531-F1-model_v2 5fm9 
notch1,R207C,207,1,AF-P46531-F1-model_v2 5fm9 
notch1,E216K,216,1,AF-P46531-F1-model_v2 5fm9 
notch1,P221L,221,2,AF-P46531-F1-model_v2 5fm9 
notch1,G230E,230,1,AF-P46531-F1-model_v2 5fm9 
notch1,G248D,248,1,AF-P46531-F1-model_v2 5fm9 
notch1,G248V,248,1,AF-P46531-F1-model_v2 5fm9 
notch1,G248S,248,1,AF-P46531-F1-model_v2 5fm9 
notch1,G248A,248,1,AF-P46531-F1-model_v2 5fm9 
notch1,D259V,259,1,AF-P46531-F1-model_v2 5fm9 
notch1,C261R,261,1,AF-P46531-F1-model_v2 5fm9 
notch1,N268D,268,1,AF-P46531-F1-model_v2 5fm9 
notch1,G269W,269,1,AF-P46531-F1-model_v2 5fm9 
notch1,G270D,270,1,AF-P46531-F1-model_v2 5fm9 
notch1,C272F,272,1,AF-P46531-F1-model_v2 5fm9 
notch1,D274E,274,1,AF-P46531-F1-model_v2 5fm9 
notch1,G275D,275,1,AF-P46531-F1-model_v2 5fm9 
notch1,R282C,282,2,AF-P46531-F1-model_v2 5fm9 
notch1,C283F,283,1,AF-P46531-F1-model_v2 5fm9 
notch1,C283W,283,1,AF-P46531-F1-model_v2 5fm9 
notch1,W287C,287,1,AF-P46531-F1-model_v2 5fm9 
notch1,V296M,296,1,AF-P46531-F1-model_v2 
notch1,C299F,299,1,AF-P46531-F1-model_v2 
notch1,C299W,299,1,AF-P46531-F1-model_v2 
notch1,C299Y,299,1,AF-P46531-F1-model_v2 
notch1,P303S,303,1,AF-P46531-F1-model_v2 
notch1,C306Y,306,1,AF-P46531-F1-model_v2 
notch1,C306F,306,1,AF-P46531-F1-model_v2 
notch1,N308I,308,1,AF-P46531-F1-model_v2 
notch1,N308D,308,1,AF-P46531-F1-model_v2 
notch1,G309D,309,1,AF-P46531-F1-model_v2 
notch1,G309N,309,2,AF-P46531-F1-model_v2 
notch1,G310E,310,1,AF-P46531-F1-model_v2 
notch1,G310K,310,2,AF-P46531-F1-model_v2 
notch1,G310R,310,1,AF-P46531-F1-model_v2 
notch1,G310L,310,2,AF-P46531-F1-model_v2 
notch1,C312R,312,1,AF-P46531-F1-model_v2 
notch1,H313N,313,1,AF-P46531-F1-model_v2 
notch1,H313P,313,1,AF-P46531-F1-model_v2 
notch1,H313R,313,1,AF-P46531-F1-model_v2 
notch1,N314S,314,1,AF-P46531-F1-model_v2 
notch1,G318D,318,1,AF-P46531-F1-model_v2 
notch1,Y319D,319,1,AF-P46531-F1-model_v2 
notch1,C321F,321,1,AF-P46531-F1-model_v2 
notch1,C321S,321,1,AF-P46531-F1-model_v2 
notch1,C321W,321,1,AF-P46531-F1-model_v2 
notch1,C323Y,323,1,AF-P46531-F1-model_v2 
notch1,C323R,323,1,AF-P46531-F1-model_v2 
notch1,C323W,323,1,AF-P46531-F1-model_v2 
notch1,C323S,323,1,AF-P46531-F1-model_v2 
notch1,C323F,323,1,AF-P46531-F1-model_v2 
notch1,V324A,324,1,AF-P46531-F1-model_v2 
notch1,V324D,324,1,AF-P46531-F1-model_v2 
notch1,V324F,324,1,AF-P46531-F1-model_v2 
notch1,N325K,325,1,AF-P46531-F1-model_v2 
notch1,N325D,325,1,AF-P46531-F1-model_v2 
notch1,G326C,326,1,AF-P46531-F1-model_v2 
notch1,G326N,326,2,AF-P46531-F1-model_v2 
notch1,G326S,326,1,AF-P46531-F1-model_v2 
notch1,G326R,326,1,AF-P46531-F1-model_v2 
notch1,G326D,326,1,AF-P46531-F1-model_v2 
notch1,W327C,327,1,AF-P46531-F1-model_v2 
notch1,W327G,327,1,AF-P46531-F1-model_v2 
notch1,W327S,327,1,AF-P46531-F1-model_v2 
notch1,G329C,329,1,AF-P46531-F1-model_v2 
notch1,D331Y,331,1,AF-P46531-F1-model_v2 
notch1,C332W,332,1,AF-P46531-F1-model_v2 
notch1,C332G,332,1,AF-P46531-F1-model_v2 
notch1,C332R,332,1,AF-P46531-F1-model_v2 
notch1,C332F,332,1,AF-P46531-F1-model_v2 
notch1,S333R,333,1,AF-P46531-F1-model_v2 
notch1,N335Y,335,1,AF-P46531-F1-model_v2 
notch1,N335I,335,2,AF-P46531-F1-model_v2 
notch1,N335K,335,1,AF-P46531-F1-model_v2 
notch1,N335D,335,1,AF-P46531-F1-model_v2 
notch1,D337H,337,1,AF-P46531-F1-model_v2 
notch1,D338E,338,1,AF-P46531-F1-model_v2 
notch1,D338V,338,1,AF-P46531-F1-model_v2 
notch1,D338Y,338,1,AF-P46531-F1-model_v2 
notch1,D338G,338,1,AF-P46531-F1-model_v2 
notch1,D338N,338,1,AF-P46531-F1-model_v2 
notch1,C339F,339,1,AF-P46531-F1-model_v2 
notch1,C339R,339,1,AF-P46531-F1-model_v2 
notch1,C339Y,339,1,AF-P46531-F1-model_v2 
notch1,C339S,339,1,AF-P46531-F1-model_v2 
notch1,A340V,340,1,AF-P46531-F1-model_v2 
notch1,S341N,341,1,AF-P46531-F1-model_v2 
notch1,A342V,342,2,AF-P46531-F1-model_v2 
notch1,A343V,343,1,AF-P46531-F1-model_v2 
notch1,C344R,344,1,AF-P46531-F1-model_v2 
notch1,C344Y,344,1,AF-P46531-F1-model_v2 
notch1,C344S,344,1,AF-P46531-F1-model_v2 
notch1,C344F,344,1,AF-P46531-F1-model_v2 
notch1,F345I,345,1,AF-P46531-F1-model_v2 
notch1,F345L,345,1,AF-P46531-F1-model_v2 
notch1,F345C,345,1,AF-P46531-F1-model_v2 
notch1,F345V,345,1,AF-P46531-F1-model_v2 
notch1,F345S,345,1,AF-P46531-F1-model_v2 
notch1,G347D,347,1,AF-P46531-F1-model_v2 
notch1,G347V,347,1,AF-P46531-F1-model_v2 
notch1,G347S,347,1,AF-P46531-F1-model_v2 
notch1,G347N,347,2,AF-P46531-F1-model_v2 
notch1,G347C,347,2,AF-P46531-F1-model_v2 
notch1,A348V,348,1,AF-P46531-F1-model_v2 
notch1,A348T,348,1,AF-P46531-F1-model_v2 
notch1,A348D,348,1,AF-P46531-F1-model_v2 
notch1,C350G,350,1,AF-P46531-F1-model_v2 
notch1,C350F,350,1,AF-P46531-F1-model_v2 
notch1,C350Y,350,1,AF-P46531-F1-model_v2 
notch1,H351L,351,1,AF-P46531-F1-model_v2 
notch1,H351N,351,1,AF-P46531-F1-model_v2 
notch1,D352N,352,1,AF-P46531-F1-model_v2 
notch1,D352Y,352,1,AF-P46531-F1-model_v2 
notch1,D352G,352,1,AF-P46531-F1-model_v2 
notch1,D352V,352,1,AF-P46531-F1-model_v2 
notch1,D352H,352,1,AF-P46531-F1-model_v2 
notch1,D352E,352,1,AF-P46531-F1-model_v2 
notch1,R353S,353,1,AF-P46531-F1-model_v2 
notch1,R353P,353,1,AF-P46531-F1-model_v2 
notch1,R353H,353,1,AF-P46531-F1-model_v2 
notch1,R353C,353,1,AF-P46531-F1-model_v2 
notch1,R353L,353,1,AF-P46531-F1-model_v2 
notch1,R353G,353,1,AF-P46531-F1-model_v2 
notch1,V354L,354,1,AF-P46531-F1-model_v2 
notch1,V354G,354,1,AF-P46531-F1-model_v2 
notch1,V354E,354,1,AF-P46531-F1-model_v2 
notch1,A355V,355,1,AF-P46531-F1-model_v2 
notch1,A355T,355,2,AF-P46531-F1-model_v2 
notch1,S356F,356,1,AF-P46531-F1-model_v2 
notch1,S356P,356,1,AF-P46531-F1-model_v2 
notch1,F357S,357,1,AF-P46531-F1-model_v2 
notch1,F357L,357,1,AF-P46531-F1-model_v2 
notch1,C359F,359,1,AF-P46531-F1-model_v2 
notch1,C359Y,359,1,AF-P46531-F1-model_v2 
notch1,C359R,359,1,AF-P46531-F1-model_v2 
notch1,C359W,359,1,AF-P46531-F1-model_v2 
notch1,C361F,361,1,AF-P46531-F1-model_v2 
notch1,C361R,361,1,AF-P46531-F1-model_v2 
notch1,C361Y,361,1,AF-P46531-F1-model_v2 
notch1,C361S,361,1,AF-P46531-F1-model_v2 
notch1,P362S,362,1,AF-P46531-F1-model_v2 
notch1,P362F,362,2,AF-P46531-F1-model_v2 
notch1,P362L,362,1,AF-P46531-F1-model_v2 
notch1,G364N,364,2,AF-P46531-F1-model_v2 
notch1,G364C,364,1,AF-P46531-F1-model_v2 
notch1,G364S,364,1,AF-P46531-F1-model_v2 
notch1,R365C,365,1,AF-P46531-F1-model_v2 
notch1,R365P,365,1,AF-P46531-F1-model_v2 
notch1,R365F,365,3,AF-P46531-F1-model_v2 
notch1,R365G,365,1,AF-P46531-F1-model_v2 
notch1,T366E,366,2,AF-P46531-F1-model_v2 
notch1,T366P,366,1,AF-P46531-F1-model_v2 
notch1,T366R,366,1,AF-P46531-F1-model_v2 
notch1,G367V,367,1,AF-P46531-F1-model_v2 
notch1,G367A,367,2,AF-P46531-F1-model_v2 
notch1,G367R,367,1,AF-P46531-F1-model_v2 
notch1,G367S,367,1,AF-P46531-F1-model_v2 
notch1,G367D,367,1,AF-P46531-F1-model_v2 
notch1,G367C,367,1,AF-P46531-F1-model_v2 
notch1,L368R,368,1,AF-P46531-F1-model_v2 
notch1,L368P,368,1,AF-P46531-F1-model_v2 
notch1,L369P,369,1,AF-P46531-F1-model_v2 
notch1,L369M,369,1,AF-P46531-F1-model_v2 
notch1,C370W,370,1,AF-P46531-F1-model_v2 
notch1,C370S,370,1,AF-P46531-F1-model_v2 
notch1,C370F,370,1,AF-P46531-F1-model_v2 
notch1,C370G,370,1,AF-P46531-F1-model_v2 
notch1,H371Y,371,1,AF-P46531-F1-model_v2 
notch1,H371Q,371,1,AF-P46531-F1-model_v2 
notch1,H371L,371,2,AF-P46531-F1-model_v2 
notch1,L372F,372,1,AF-P46531-F1-model_v2 
notch1,L372P,372,1,AF-P46531-F1-model_v2 
notch1,L372R,372,1,AF-P46531-F1-model_v2 
notch1,D374Y,374,1,AF-P46531-F1-model_v2 
notch1,D374E,374,1,AF-P46531-F1-model_v2 
notch1,D374G,374,1,AF-P46531-F1-model_v2 
notch1,A375T,375,1,AF-P46531-F1-model_v2 
notch1,A375V,375,1,AF-P46531-F1-model_v2 
notch1,C376Y,376,1,AF-P46531-F1-model_v2 
notch1,C376R,376,1,AF-P46531-F1-model_v2 
notch1,C376S,376,1,AF-P46531-F1-model_v2 
notch1,C376F,376,1,AF-P46531-F1-model_v2 
notch1,N379H,379,1,AF-P46531-F1-model_v2 
notch1,P380L,380,1,AF-P46531-F1-model_v2 
notch1,P380S,380,1,AF-P46531-F1-model_v2 
notch1,C381S,381,1,AF-P46531-F1-model_v2 
notch1,C381R,381,1,AF-P46531-F1-model_v2 
notch1,C381Y,381,1,AF-P46531-F1-model_v2 
notch1,C381W,381,1,AF-P46531-F1-model_v2 
notch1,C381F,381,1,AF-P46531-F1-model_v2 
notch1,N382S,382,1,AF-P46531-F1-model_v2 
notch1,N382K,382,1,AF-P46531-F1-model_v2 
notch1,N382I,382,1,AF-P46531-F1-model_v2 
notch1,N382D,382,1,AF-P46531-F1-model_v2 
notch1,G384S,384,2,AF-P46531-F1-model_v2 
notch1,S385C,385,1,AF-P46531-F1-model_v2 
notch1,S385F,385,1,AF-P46531-F1-model_v2 
notch1,S385Y,385,1,AF-P46531-F1-model_v2 
notch1,C387G,387,1,AF-P46531-F1-model_v2 
notch1,C387Y,387,1,AF-P46531-F1-model_v2 
notch1,C387R,387,1,AF-P46531-F1-model_v2 
notch1,C387S,387,1,AF-P46531-F1-model_v2 
notch1,C387W,387,1,AF-P46531-F1-model_v2 
notch1,T389I,389,2,AF-P46531-F1-model_v2 
notch1,N390S,390,1,AF-P46531-F1-model_v2 
notch1,N390D,390,1,AF-P46531-F1-model_v2 
notch1,N390K,390,1,AF-P46531-F1-model_v2 
notch1,N390H,390,1,AF-P46531-F1-model_v2 
notch1,P391F,391,3,AF-P46531-F1-model_v2 
notch1,P391T,391,1,AF-P46531-F1-model_v2 
notch1,P391L,391,1,AF-P46531-F1-model_v2 
notch1,P391S,391,2,AF-P46531-F1-model_v2 
notch1,P391H,391,1,AF-P46531-F1-model_v2 
notch1,P391A,391,1,AF-P46531-F1-model_v2 
notch1,V392A,392,1,AF-P46531-F1-model_v2 
notch1,V392D,392,1,AF-P46531-F1-model_v2 
notch1,V392G,392,1,AF-P46531-F1-model_v2 
notch1,N393D,393,1,AF-P46531-F1-model_v2 
notch1,N393Y,393,1,AF-P46531-F1-model_v2 
notch1,N393K,393,1,AF-P46531-F1-model_v2 
notch1,G394A,394,1,AF-P46531-F1-model_v2 
notch1,G394V,394,1,AF-P46531-F1-model_v2 
notch1,G394C,394,1,AF-P46531-F1-model_v2 
notch1,G394D,394,1,AF-P46531-F1-model_v2 
notch1,G394R,394,1,AF-P46531-F1-model_v2 
notch1,G394N,394,2,AF-P46531-F1-model_v2 
notch1,G394S,394,1,AF-P46531-F1-model_v2 
notch1,K395T,395,1,AF-P46531-F1-model_v2 
notch1,A396V,396,1,AF-P46531-F1-model_v2 
notch1,A396T,396,1,AF-P46531-F1-model_v2 
notch1,A396D,396,1,AF-P46531-F1-model_v2 
notch1,I397T,397,1,AF-P46531-F1-model_v2 
notch1,I397N,397,1,AF-P46531-F1-model_v2 
notch1,C398F,398,1,AF-P46531-F1-model_v2 
notch1,C398Y,398,1,AF-P46531-F1-model_v2 
notch1,C398S,398,1,AF-P46531-F1-model_v2 
notch1,T399I,399,2,AF-P46531-F1-model_v2 
notch1,T399A,399,1,AF-P46531-F1-model_v2 
notch1,T399S,399,1,AF-P46531-F1-model_v2 
notch1,C400F,400,1,AF-P46531-F1-model_v2 
notch1,C400Y,400,1,AF-P46531-F1-model_v2 
notch1,C400W,400,1,AF-P46531-F1-model_v2 
notch1,C400S,400,1,AF-P46531-F1-model_v2 
notch1,S402L,402,1,AF-P46531-F1-model_v2 
notch1,Y404C,404,1,AF-P46531-F1-model_v2 
notch1,Y404D,404,1,AF-P46531-F1-model_v2 
notch1,T405P,405,1,AF-P46531-F1-model_v2 
notch1,G406C,406,1,AF-P46531-F1-model_v2 
notch1,G406V,406,1,AF-P46531-F1-model_v2 
notch1,G406S,406,1,AF-P46531-F1-model_v2 
notch1,G406R,406,2,AF-P46531-F1-model_v2 
notch1,G406D,406,1,AF-P46531-F1-model_v2 
notch1,G406N,406,2,AF-P46531-F1-model_v2 
notch1,P407S,407,1,AF-P46531-F1-model_v2 
notch1,P407L,407,1,AF-P46531-F1-model_v2 
notch1,A408P,408,1,AF-P46531-F1-model_v2 
notch1,C409S,409,1,AF-P46531-F1-model_v2 
notch1,C409G,409,1,AF-P46531-F1-model_v2 
notch1,C409R,409,1,AF-P46531-F1-model_v2 
notch1,C409F,409,1,AF-P46531-F1-model_v2 
notch1,C409Y,409,1,AF-P46531-F1-model_v2 
notch1,Q411P,411,1,AF-P46531-F1-model_v2 1toz 
notch1,D412G,412,1,AF-P46531-F1-model_v2 1toz 
notch1,D412E,412,1,AF-P46531-F1-model_v2 1toz 
notch1,D412N,412,1,AF-P46531-F1-model_v2 1toz 
notch1,D412Y,412,1,AF-P46531-F1-model_v2 1toz 
notch1,D412V,412,2,AF-P46531-F1-model_v2 1toz 
notch1,D412A,412,1,AF-P46531-F1-model_v2 1toz 
notch1,V413G,413,1,AF-P46531-F1-model_v2 1toz 
notch1,D414S,414,3,AF-P46531-F1-model_v2 1toz 
notch1,E415K,415,1,AF-P46531-F1-model_v2 1toz 
notch1,C416G,416,1,AF-P46531-F1-model_v2 1toz 
notch1,C416R,416,1,AF-P46531-F1-model_v2 1toz 
notch1,C416W,416,1,AF-P46531-F1-model_v2 1toz 
notch1,C416S,416,1,AF-P46531-F1-model_v2 1toz 
notch1,C416F,416,1,AF-P46531-F1-model_v2 1toz 
notch1,L418P,418,1,AF-P46531-F1-model_v2 1toz 
notch1,G419V,419,1,AF-P46531-F1-model_v2 1toz 
notch1,G419C,419,1,AF-P46531-F1-model_v2 1toz 
notch1,G419S,419,1,AF-P46531-F1-model_v2 1toz 
notch1,G419D,419,1,AF-P46531-F1-model_v2 1toz 
notch1,G419R,419,1,AF-P46531-F1-model_v2 1toz 
notch1,P422F,422,2,AF-P46531-F1-model_v2 1toz 
notch1,P422C,422,3,AF-P46531-F1-model_v2 1toz 
notch1,P422R,422,1,AF-P46531-F1-model_v2 1toz 
notch1,P422S,422,1,AF-P46531-F1-model_v2 1toz 
notch1,P422L,422,1,AF-P46531-F1-model_v2 1toz 
notch1,C423R,423,1,AF-P46531-F1-model_v2 1toz 
notch1,C423G,423,1,AF-P46531-F1-model_v2 1toz 
notch1,C423W,423,1,AF-P46531-F1-model_v2 1toz 
notch1,C423Y,423,1,AF-P46531-F1-model_v2 1toz 
notch1,C423V,423,2,AF-P46531-F1-model_v2 1toz 
notch1,C423F,423,1,AF-P46531-F1-model_v2 1toz 
notch1,E424Q,424,1,AF-P46531-F1-model_v2 1toz 
notch1,E424D,424,1,AF-P46531-F1-model_v2 1toz 
notch1,E424K,424,1,AF-P46531-F1-model_v2 1toz 
notch1,H425Y,425,1,AF-P46531-F1-model_v2 1toz 
notch1,H425D,425,1,AF-P46531-F1-model_v2 1toz 
notch1,G427V,427,1,AF-P46531-F1-model_v2 1toz 
notch1,G427S,427,1,AF-P46531-F1-model_v2 1toz 
notch1,G427N,427,2,AF-P46531-F1-model_v2 1toz 
notch1,G427D,427,1,AF-P46531-F1-model_v2 1toz 
notch1,G427C,427,1,AF-P46531-F1-model_v2 1toz 
notch1,C429R,429,1,AF-P46531-F1-model_v2 1toz 
notch1,C429Y,429,1,AF-P46531-F1-model_v2 1toz 
notch1,C429G,429,1,AF-P46531-F1-model_v2 1toz 
notch1,C429S,429,1,AF-P46531-F1-model_v2 1toz 
notch1,C429F,429,1,AF-P46531-F1-model_v2 1toz 
notch1,C429W,429,1,AF-P46531-F1-model_v2 1toz 
notch1,I430F,430,1,AF-P46531-F1-model_v2 1toz 
notch1,N431Y,431,1,AF-P46531-F1-model_v2 1toz 
notch1,N431S,431,1,AF-P46531-F1-model_v2 1toz 
notch1,N431K,431,1,AF-P46531-F1-model_v2 1toz 
notch1,N431I,431,2,AF-P46531-F1-model_v2 1toz 
notch1,N431H,431,1,AF-P46531-F1-model_v2 1toz 
notch1,T432R,432,1,AF-P46531-F1-model_v2 1toz 
notch1,T432K,432,1,AF-P46531-F1-model_v2 1toz 
notch1,T432P,432,1,AF-P46531-F1-model_v2 1toz 
notch1,G434S,434,2,AF-P46531-F1-model_v2 1toz 
notch1,G434C,434,1,AF-P46531-F1-model_v2 1toz 
notch1,G434D,434,1,AF-P46531-F1-model_v2 1toz 
notch1,G434N,434,2,AF-P46531-F1-model_v2 1toz 
notch1,S435P,435,1,AF-P46531-F1-model_v2 1toz 
notch1,F436L,436,1,AF-P46531-F1-model_v2 1toz 
notch1,C438W,438,1,AF-P46531-F1-model_v2 1toz 
notch1,C438R,438,1,AF-P46531-F1-model_v2 1toz 
notch1,C438F,438,1,AF-P46531-F1-model_v2 1toz 
notch1,C438S,438,1,AF-P46531-F1-model_v2 1toz 
notch1,C438N,438,2,AF-P46531-F1-model_v2 1toz 
notch1,C438G,438,1,AF-P46531-F1-model_v2 1toz 
notch1,C438Y,438,1,AF-P46531-F1-model_v2 1toz 
notch1,Q439L,439,1,AF-P46531-F1-model_v2 1toz 
notch1,C440F,440,1,AF-P46531-F1-model_v2 1toz 
notch1,C440Y,440,1,AF-P46531-F1-model_v2 1toz 
notch1,C440R,440,1,AF-P46531-F1-model_v2 1toz 
notch1,C440W,440,1,AF-P46531-F1-model_v2 1toz 
notch1,C440S,440,1,AF-P46531-F1-model_v2 1toz 
notch1,C440G,440,1,AF-P46531-F1-model_v2 1toz 
notch1,G443C,443,1,AF-P46531-F1-model_v2 1toz 
notch1,G443S,443,1,AF-P46531-F1-model_v2 1toz 
notch1,G443N,443,3,AF-P46531-F1-model_v2 1toz 
notch1,G443D,443,1,AF-P46531-F1-model_v2 1toz 
notch1,G443V,443,1,AF-P46531-F1-model_v2 1toz 
notch1,Y444C,444,1,AF-P46531-F1-model_v2 1toz 
notch1,Y444V,444,2,AF-P46531-F1-model_v2 1toz 
notch1,Y444H,444,2,AF-P46531-F1-model_v2 1toz 
notch1,Y444D,444,1,AF-P46531-F1-model_v2 1toz 
notch1,T445M,445,1,AF-P46531-F1-model_v2 1toz 
notch1,T445P,445,1,AF-P46531-F1-model_v2 1toz 
notch1,G446S,446,1,AF-P46531-F1-model_v2 1toz 
notch1,P447L,447,1,AF-P46531-F1-model_v2 1toz 
notch1,P447H,447,2,AF-P46531-F1-model_v2 1toz 
notch1,P447S,447,1,AF-P46531-F1-model_v2 1toz 
notch1,R448P,448,1,AF-P46531-F1-model_v2 1toz 
notch1,C449S,449,1,AF-P46531-F1-model_v2 1toz 
notch1,C449G,449,1,AF-P46531-F1-model_v2 1toz 
notch1,C449W,449,1,AF-P46531-F1-model_v2 1toz 
notch1,C449R,449,1,AF-P46531-F1-model_v2 1toz 
notch1,C449Y,449,1,AF-P46531-F1-model_v2 1toz 
notch1,C449F,449,1,AF-P46531-F1-model_v2 1toz 
notch1,E450G,450,1,AF-P46531-F1-model_v2 1toz 
notch1,E450V,450,1,AF-P46531-F1-model_v2 1toz 
notch1,E450Q,450,1,AF-P46531-F1-model_v2 1toz 
notch1,E450K,450,1,AF-P46531-F1-model_v2 1toz 
notch1,D452H,452,1,AF-P46531-F1-model_v2 1toz 
notch1,D452Y,452,1,AF-P46531-F1-model_v2 1toz 
notch1,D452N,452,1,AF-P46531-F1-model_v2 1toz 
notch1,D452G,452,1,AF-P46531-F1-model_v2 1toz 
notch1,D452V,452,1,AF-P46531-F1-model_v2 1toz 
notch1,D452E,452,1,AF-P46531-F1-model_v2 1toz 
notch1,N454I,454,2,AF-P46531-F1-model_v2 1toz 5l0r 
notch1,N454Y,454,1,AF-P46531-F1-model_v2 1toz 5l0r 
notch1,N454K,454,1,AF-P46531-F1-model_v2 1toz 5l0r 
notch1,E455V,455,1,AF-P46531-F1-model_v2 1toz 5l0r 
notch1,E455Q,455,1,AF-P46531-F1-model_v2 1toz 5l0r 
notch1,E455K,455,1,AF-P46531-F1-model_v2 1toz 5l0r 
notch1,E455G,455,1,AF-P46531-F1-model_v2 1toz 5l0r 
notch1,C456S,456,1,AF-P46531-F1-model_v2 1toz 5l0r 
notch1,C456R,456,1,AF-P46531-F1-model_v2 1toz 5l0r 
notch1,C456F,456,1,AF-P46531-F1-model_v2 1toz 5l0r 
notch1,C456W,456,1,AF-P46531-F1-model_v2 1toz 5l0r 
notch1,C456Y,456,1,AF-P46531-F1-model_v2 1toz 5l0r 
notch1,C456G,456,2,AF-P46531-F1-model_v2 1toz 5l0r 
notch1,S458P,458,1,AF-P46531-F1-model_v2 1toz 5l0r 
notch1,N459K,459,1,AF-P46531-F1-model_v2 1toz 5l0r 
notch1,N459D,459,1,AF-P46531-F1-model_v2 1toz 5l0r 
notch1,P460L,460,1,AF-P46531-F1-model_v2 1toz 5l0r 
notch1,P460S,460,1,AF-P46531-F1-model_v2 1toz 5l0r 
notch1,P460R,460,1,AF-P46531-F1-model_v2 1toz 5l0r 
notch1,P460A,460,1,AF-P46531-F1-model_v2 1toz 5l0r 
notch1,P460V,460,2,AF-P46531-F1-model_v2 1toz 5l0r 
notch1,C461V,461,2,AF-P46531-F1-model_v2 1toz 5l0r 
notch1,C461H,461,3,AF-P46531-F1-model_v2 1toz 5l0r 
notch1,C461F,461,1,AF-P46531-F1-model_v2 1toz 5l0r 
notch1,C461Y,461,1,AF-P46531-F1-model_v2 1toz 5l0r 
notch1,C461R,461,1,AF-P46531-F1-model_v2 1toz 5l0r 
notch1,C461S,461,1,AF-P46531-F1-model_v2 1toz 5l0r 
notch1,C461G,461,1,AF-P46531-F1-model_v2 1toz 5l0r 
notch1,N463I,463,1,AF-P46531-F1-model_v2 1toz 5l0r 
notch1,N463D,463,1,AF-P46531-F1-model_v2 1toz 5l0r 
notch1,N463K,463,1,AF-P46531-F1-model_v2 1toz 5l0r 
notch1,D464N,464,1,AF-P46531-F1-model_v2 1toz 5l0r 
notch1,D464V,464,1,AF-P46531-F1-model_v2 1toz 5l0r 
notch1,A465P,465,1,AF-P46531-F1-model_v2 1toz 5l0r 
notch1,A465V,465,1,AF-P46531-F1-model_v2 1toz 5l0r 
notch1,A465T,465,1,AF-P46531-F1-model_v2 1toz 5l0r 
notch1,A465D,465,1,AF-P46531-F1-model_v2 1toz 5l0r 
notch1,T466A,466,1,AF-P46531-F1-model_v2 1toz 5l0r 
notch1,T466P,466,1,AF-P46531-F1-model_v2 1toz 5l0r 
notch1,T466I,466,2,AF-P46531-F1-model_v2 1toz 5l0r 
notch1,T466S,466,1,AF-P46531-F1-model_v2 1toz 5l0r 
notch1,C467Y,467,1,AF-P46531-F1-model_v2 1toz 5l0r 
notch1,C467F,467,1,AF-P46531-F1-model_v2 1toz 5l0r 
notch1,C467R,467,1,AF-P46531-F1-model_v2 1toz 5l0r 
notch1,L468Q,468,1,AF-P46531-F1-model_v2 1toz 5l0r 
notch1,L468R,468,1,AF-P46531-F1-model_v2 1toz 5l0r 
notch1,D469H,469,1,AF-P46531-F1-model_v2 1toz 5l0r 
notch1,D469V,469,1,AF-P46531-F1-model_v2 1toz 5l0r 
notch1,D469G,469,1,AF-P46531-F1-model_v2 1toz 5l0r 
notch1,D469N,469,1,AF-P46531-F1-model_v2 1toz 5l0r 
notch1,D469I,469,2,AF-P46531-F1-model_v2 1toz 5l0r 
notch1,D469A,469,1,AF-P46531-F1-model_v2 1toz 5l0r 
notch1,D469E,469,1,AF-P46531-F1-model_v2 1toz 5l0r 
notch1,D469Y,469,1,AF-P46531-F1-model_v2 1toz 5l0r 
notch1,D469S,469,2,AF-P46531-F1-model_v2 1toz 5l0r 
notch1,Q470P,470,1,AF-P46531-F1-model_v2 1toz 5l0r 
notch1,I471F,471,1,AF-P46531-F1-model_v2 1toz 5l0r 
notch1,I471N,471,1,AF-P46531-F1-model_v2 1toz 5l0r 
notch1,I471T,471,1,AF-P46531-F1-model_v2 1toz 5l0r 
notch1,I471M,471,1,AF-P46531-F1-model_v2 1toz 5l0r 
notch1,I471S,471,1,AF-P46531-F1-model_v2 1toz 5l0r 
notch1,I471V,471,1,AF-P46531-F1-model_v2 1toz 5l0r 
notch1,G472E,472,1,AF-P46531-F1-model_v2 1toz 5l0r 
notch1,G472K,472,2,AF-P46531-F1-model_v2 1toz 5l0r 
notch1,G472R,472,1,AF-P46531-F1-model_v2 1toz 5l0r 
notch1,G472V,472,1,AF-P46531-F1-model_v2 1toz 5l0r 
notch1,G472W,472,1,AF-P46531-F1-model_v2 1toz 5l0r 
notch1,G472M,472,2,AF-P46531-F1-model_v2 1toz 5l0r 
notch1,E473K,473,1,AF-P46531-F1-model_v2 1toz 5l0r 
notch1,F474I,474,1,AF-P46531-F1-model_v2 1toz 5l0r 
notch1,F474L,474,1,AF-P46531-F1-model_v2 1toz 5l0r 
notch1,C476S,476,1,AF-P46531-F1-model_v2 1toz 5l0r 
notch1,C476R,476,1,AF-P46531-F1-model_v2 1toz 5l0r 
notch1,C476Y,476,1,AF-P46531-F1-model_v2 1toz 5l0r 
notch1,C476F,476,1,AF-P46531-F1-model_v2 1toz 5l0r 
notch1,C476G,476,1,AF-P46531-F1-model_v2 1toz 5l0r 
notch1,I477V,477,1,AF-P46531-F1-model_v2 1toz 5l0r 
notch1,I477N,477,1,AF-P46531-F1-model_v2 1toz 5l0r 
notch1,I477M,477,1,AF-P46531-F1-model_v2 1toz 5l0r 
notch1,I477F,477,1,AF-P46531-F1-model_v2 1toz 5l0r 
notch1,I477S,477,1,AF-P46531-F1-model_v2 1toz 5l0r 
notch1,I477T,477,1,AF-P46531-F1-model_v2 1toz 5l0r 
notch1,C478S,478,1,AF-P46531-F1-model_v2 1toz 5l0r 
notch1,C478G,478,1,AF-P46531-F1-model_v2 1toz 5l0r 
notch1,C478F,478,1,AF-P46531-F1-model_v2 1toz 5l0r 
notch1,C478Y,478,1,AF-P46531-F1-model_v2 1toz 5l0r 
notch1,C478R,478,2,AF-P46531-F1-model_v2 1toz 5l0r 
notch1,M479R,479,1,AF-P46531-F1-model_v2 1toz 5l0r 
notch1,P480L,480,1,AF-P46531-F1-model_v2 1toz 5l0r 
notch1,P480F,480,2,AF-P46531-F1-model_v2 1toz 5l0r 
notch1,P480S,480,1,AF-P46531-F1-model_v2 1toz 5l0r 
notch1,G481V,481,1,AF-P46531-F1-model_v2 1toz 5l0r 
notch1,G481C,481,1,AF-P46531-F1-model_v2 1toz 5l0r 
notch1,G481S,481,1,AF-P46531-F1-model_v2 1toz 5l0r 
notch1,Y482N,482,1,AF-P46531-F1-model_v2 1toz 5l0r 
notch1,Y482C,482,1,AF-P46531-F1-model_v2 1toz 5l0r 
notch1,G484N,484,2,AF-P46531-F1-model_v2 1toz 5l0r 
notch1,G484D,484,1,AF-P46531-F1-model_v2 1toz 5l0r 
notch1,G484Y,484,2,AF-P46531-F1-model_v2 1toz 5l0r 
notch1,G484R,484,1,AF-P46531-F1-model_v2 1toz 5l0r 
notch1,G484C,484,1,AF-P46531-F1-model_v2 1toz 5l0r 
notch1,G484V,484,1,AF-P46531-F1-model_v2 1toz 5l0r 
notch1,G484S,484,1,AF-P46531-F1-model_v2 1toz 5l0r 
notch1,V485A,485,1,AF-P46531-F1-model_v2 1toz 5l0r 
notch1,H486P,486,1,AF-P46531-F1-model_v2 1toz 5l0r 
notch1,H486Y,486,1,AF-P46531-F1-model_v2 1toz 5l0r 
notch1,C487R,487,2,AF-P46531-F1-model_v2 1toz 5l0r 
notch1,C487W,487,1,AF-P46531-F1-model_v2 1toz 5l0r 
notch1,C487Y,487,1,AF-P46531-F1-model_v2 1toz 5l0r 
notch1,C487G,487,1,AF-P46531-F1-model_v2 1toz 5l0r 
notch1,C487S,487,1,AF-P46531-F1-model_v2 1toz 5l0r 
notch1,E488K,488,1,AF-P46531-F1-model_v2 1toz 5l0r 
notch1,D492V,492,2,AF-P46531-F1-model_v2 1toz 
notch1,E493K,493,1,AF-P46531-F1-model_v2 1toz 
notch1,C494F,494,1,AF-P46531-F1-model_v2 1toz 
notch1,C494Y,494,1,AF-P46531-F1-model_v2 1toz 
notch1,P498S,498,1,AF-P46531-F1-model_v2 1toz 
notch1,P498F,498,2,AF-P46531-F1-model_v2 1toz 
notch1,G503C,503,1,AF-P46531-F1-model_v2 1toz 
notch1,R504C,504,1,AF-P46531-F1-model_v2 1toz 
notch1,N510S,510,1,AF-P46531-F1-model_v2 1toz 
notch1,E511K,511,1,AF-P46531-F1-model_v2 1toz 
notch1,E515V,515,1,AF-P46531-F1-model_v2 1toz 
notch1,P517L,517,1,AF-P46531-F1-model_v2 1toz 
notch1,G519D,519,1,AF-P46531-F1-model_v2 1toz 
notch1,G519S,519,1,AF-P46531-F1-model_v2 1toz 
notch1,F520V,520,1,AF-P46531-F1-model_v2 1toz 
notch1,Q526L,526,1,AF-P46531-F1-model_v2 1toz 
notch1,P536S,536,1,AF-P46531-F1-model_v2 
notch1,P536F,536,2,AF-P46531-F1-model_v2 
notch1,P536L,536,1,AF-P46531-F1-model_v2 
notch1,G546R,546,1,AF-P46531-F1-model_v2 
notch1,E556K,556,1,AF-P46531-F1-model_v2 
notch1,E556V,556,1,AF-P46531-F1-model_v2 
notch1,Y558C,558,1,AF-P46531-F1-model_v2 
notch1,T559S,559,1,AF-P46531-F1-model_v2 
notch1,C563W,563,1,AF-P46531-F1-model_v2 
notch1,D571N,571,1,AF-P46531-F1-model_v2 
notch1,P572L,572,1,AF-P46531-F1-model_v2 
notch1,P574S,574,1,AF-P46531-F1-model_v2 
notch1,P574L,574,1,AF-P46531-F1-model_v2 
notch1,H576L,576,1,AF-P46531-F1-model_v2 
notch1,G578N,578,2,AF-P46531-F1-model_v2 
notch1,G578S,578,1,AF-P46531-F1-model_v2 
notch1,G583V,583,1,AF-P46531-F1-model_v2 
notch1,C591F,591,1,AF-P46531-F1-model_v2 
notch1,R592C,592,2,AF-P46531-F1-model_v2 
notch1,G594D,594,1,AF-P46531-F1-model_v2 
notch1,T596K,596,1,AF-P46531-F1-model_v2 
notch1,E601K,601,1,AF-P46531-F1-model_v2 
notch1,N603S,603,1,AF-P46531-F1-model_v2 
notch1,N605S,605,1,AF-P46531-F1-model_v2 
notch1,N605D,605,1,AF-P46531-F1-model_v2 
notch1,E606Q,606,1,AF-P46531-F1-model_v2 
notch1,S609N,609,1,AF-P46531-F1-model_v2 
notch1,P611L,611,2,AF-P46531-F1-model_v2 
notch1,C612W,612,1,AF-P46531-F1-model_v2 
notch1,C612S,612,1,AF-P46531-F1-model_v2 
notch1,G615E,615,1,AF-P46531-F1-model_v2 
notch1,G615W,615,1,AF-P46531-F1-model_v2 
notch1,T617P,617,1,AF-P46531-F1-model_v2 
notch1,Q619E,619,1,AF-P46531-F1-model_v2 
notch1,D620E,620,1,AF-P46531-F1-model_v2 
notch1,R621C,621,1,AF-P46531-F1-model_v2 
notch1,D622H,622,1,AF-P46531-F1-model_v2 
notch1,L626F,626,1,AF-P46531-F1-model_v2 
notch1,G635R,635,1,AF-P46531-F1-model_v2 
notch1,C645F,645,1,AF-P46531-F1-model_v2 
notch1,T654I,654,1,AF-P46531-F1-model_v2 
notch1,G672W,672,1,AF-P46531-F1-model_v2 
notch1,G672E,672,1,AF-P46531-F1-model_v2 
notch1,G672R,672,1,AF-P46531-F1-model_v2 
notch1,S673N,673,1,AF-P46531-F1-model_v2 
notch1,C675F,675,1,AF-P46531-F1-model_v2 
notch1,D680N,680,1,AF-P46531-F1-model_v2 
notch1,G690E,690,1,AF-P46531-F1-model_v2 
notch1,P705L,705,1,AF-P46531-F1-model_v2 
notch1,P705T,705,1,AF-P46531-F1-model_v2 
notch1,P705S,705,1,AF-P46531-F1-model_v2 
notch1,P705I,705,2,AF-P46531-F1-model_v2 
notch1,E706K,706,1,AF-P46531-F1-model_v2 
notch1,G707S,707,2,AF-P46531-F1-model_v2 
notch1,H709R,709,1,AF-P46531-F1-model_v2 
notch1,P724S,724,1,AF-P46531-F1-model_v2 
notch1,C725Y,725,1,AF-P46531-F1-model_v2 
notch1,H727Y,727,2,AF-P46531-F1-model_v2 
notch1,R731W,731,1,AF-P46531-F1-model_v2 
notch1,D732H,732,1,AF-P46531-F1-model_v2 
notch1,N735S,735,1,AF-P46531-F1-model_v2 
notch1,G736E,736,1,AF-P46531-F1-model_v2 
notch1,P743S,743,1,AF-P46531-F1-model_v2 
notch1,S773N,773,1,AF-P46531-F1-model_v2 
notch1,Y775F,775,1,AF-P46531-F1-model_v2 
notch1,V776M,776,1,AF-P46531-F1-model_v2 
notch1,G782S,782,2,AF-P46531-F1-model_v2 
notch1,P799S,799,1,AF-P46531-F1-model_v2 
notch1,D808Y,808,1,AF-P46531-F1-model_v2 
notch1,D809Y,809,1,AF-P46531-F1-model_v2 
notch1,N816S,816,1,AF-P46531-F1-model_v2 
notch1,N816T,816,1,AF-P46531-F1-model_v2 
notch1,G823S,823,1,AF-P46531-F1-model_v2 
notch1,G823D,823,1,AF-P46531-F1-model_v2 
notch1,V828M,828,1,AF-P46531-F1-model_v2 
notch1,P832S,832,1,AF-P46531-F1-model_v2 
notch1,P832L,832,1,AF-P46531-F1-model_v2 
notch1,P835S,835,1,AF-P46531-F1-model_v2 
notch1,P837S,837,1,AF-P46531-F1-model_v2 
notch1,E848K,848,1,AF-P46531-F1-model_v2 
notch1,E851K,851,1,AF-P46531-F1-model_v2 
notch1,C857F,857,1,AF-P46531-F1-model_v2 
notch1,P858S,858,1,AF-P46531-F1-model_v2 
notch1,D869N,869,1,AF-P46531-F1-model_v2 
notch1,E872K,872,1,AF-P46531-F1-model_v2 
notch1,C873S,873,1,AF-P46531-F1-model_v2 
notch1,C873R,873,1,AF-P46531-F1-model_v2 
notch1,P877T,877,1,AF-P46531-F1-model_v2 
notch1,P877S,877,1,AF-P46531-F1-model_v2 
notch1,G898D,898,1,AF-P46531-F1-model_v2 
notch1,T906I,906,1,AF-P46531-F1-model_v2 
notch1,D909N,909,1,AF-P46531-F1-model_v2 
notch1,P915L,915,2,AF-P46531-F1-model_v2 
notch1,G919E,919,1,AF-P46531-F1-model_v2 
notch1,S921F,921,2,AF-P46531-F1-model_v2 
notch1,T923K,923,1,AF-P46531-F1-model_v2 
notch1,A929V,929,2,AF-P46531-F1-model_v2 
notch1,G936D,936,1,AF-P46531-F1-model_v2 
notch1,R938Q,938,2,AF-P46531-F1-model_v2 
notch1,C942R,942,1,AF-P46531-F1-model_v2 
notch1,E944K,944,1,AF-P46531-F1-model_v2 
notch1,A950T,950,1,AF-P46531-F1-model_v2 
notch1,P953F,953,2,AF-P46531-F1-model_v2 
notch1,D965N,965,1,AF-P46531-F1-model_v2 
notch1,T968S,968,1,AF-P46531-F1-model_v2 
notch1,S990N,990,1,AF-P46531-F1-model_v2 
notch1,S1004L,1004,1,AF-P46531-F1-model_v2 
notch1,G1012D,1012,1,AF-P46531-F1-model_v2 
notch1,E1024K,1024,1,AF-P46531-F1-model_v2 
notch1,D1026N,1026,1,AF-P46531-F1-model_v2 
notch1,G1034D,1034,1,AF-P46531-F1-model_v2 
notch1,C1036W,1036,1,AF-P46531-F1-model_v2 
notch1,N1058I,1058,2,AF-P46531-F1-model_v2 
notch1,L1059F,1059,1,AF-P46531-F1-model_v2 
notch1,P1067L,1067,1,AF-P46531-F1-model_v2 
notch1,K1069R,1069,1,AF-P46531-F1-model_v2 
notch1,C1074R,1074,1,AF-P46531-F1-model_v2 
notch1,W1075C,1075,1,AF-P46531-F1-model_v2 
notch1,H1078Y,1078,1,AF-P46531-F1-model_v2 
notch1,C1083R,1083,1,AF-P46531-F1-model_v2 
notch1,C1085S,1085,1,AF-P46531-F1-model_v2 
notch1,G1088S,1088,1,AF-P46531-F1-model_v2 
notch1,T1090P,1090,1,AF-P46531-F1-model_v2 
notch1,T1090I,1090,1,AF-P46531-F1-model_v2 
notch1,L1092F,1092,2,AF-P46531-F1-model_v2 
notch1,D1095N,1095,1,AF-P46531-F1-model_v2 
notch1,S1100F,1100,2,AF-P46531-F1-model_v2 
notch1,A1104G,1104,1,AF-P46531-F1-model_v2 
notch1,G1109D,1109,1,AF-P46531-F1-model_v2 
notch1,G1109S,1109,1,AF-P46531-F1-model_v2 
notch1,R1114P,1114,1,AF-P46531-F1-model_v2 
notch1,C1116Y,1116,1,AF-P46531-F1-model_v2 
notch1,T1128M,1128,1,AF-P46531-F1-model_v2 
notch1,C1133Y,1133,1,AF-P46531-F1-model_v2 
notch1,Y1137N,1137,1,AF-P46531-F1-model_v2 
notch1,C1142F,1142,1,AF-P46531-F1-model_v2 
notch1,E1148G,1148,1,AF-P46531-F1-model_v2 
notch1,E1148V,1148,1,AF-P46531-F1-model_v2 
notch1,P1153S,1153,1,AF-P46531-F1-model_v2 
notch1,K1170R,1170,1,
notch1,G1177E,1177,1,
notch1,C1180S,1180,1,
notch1,C1180F,1180,1,
notch1,S1181F,1181,1,
notch1,D1185G,1185,1,
notch1,E1186K,1186,1,
notch1,S1189F,1189,1,
notch1,S1189P,1189,1,
notch1,P1191S,1191,1,
notch1,P1191F,1191,2,
notch1,C1192G,1192,1,
notch1,G1195R,1195,1,
notch1,G1195E,1195,1,
notch1,G1195K,1195,2,
notch1,G1196D,1196,1,
notch1,G1196S,1196,1,
notch1,L1199F,1199,1,
notch1,L1201H,1201,1,
notch1,C1207Y,1207,1,
notch1,S1208F,1208,2,
notch1,P1210L,1210,1,
notch1,C1218F,1218,1,
notch1,C1218S,1218,1,
notch1,N1221K,1221,1,
notch1,D1224N,1224,1,
notch1,P1227A,1227,1,
notch1,P1227D,1227,2,
notch1,P1228L,1228,1,
notch1,D1230Y,1230,1,
notch1,P1231L,1231,1,
notch1,S1233F,1233,1,
notch1,P1236S,1236,2,
notch1,C1244F,1244,1,
notch1,C1244S,1244,1,
notch1,V1248M,1248,2,
notch1,G1249S,1249,1,
notch1,T1254I,1254,1,
notch1,P1256S,1256,1,
notch1,P1256L,1256,1,
notch1,P1257L,1257,2,
notch1,G1258S,1258,2,
notch1,G1261V,1261,1,
notch1,G1261S,1261,1,
notch1,R1263P,1263,1,
notch1,G1266R,1266,1,
notch1,G1266E,1266,1,
notch1,E1270D,1270,1,
notch1,E1270K,1270,1,
notch1,P1275L,1275,1,
notch1,P1275S,1275,1,
notch1,G1280S,1280,1,
notch1,E1294K,1294,1,
notch1,G1298R,1298,1,
notch1,T1300I,1300,1,
notch1,G1301R,1301,1,
notch1,S1306F,1306,1,
notch1,A1323V,1323,2,
notch1,T1328I,1328,2,
notch1,G1331E,1331,1,
notch1,G1339S,1339,1,
notch1,T1344S,1344,1,
notch1,D1348A,1348,1,
notch1,R1350C,1350,1,
notch1,G1353S,1353,1,
notch1,G1360S,1360,1,
notch1,G1361S,1361,1,
notch1,S1365F,1365,1,
notch1,P1367S,1367,1,
notch1,P1367L,1367,1,
notch1,R1368P,1368,1,
notch1,G1380S,1380,2,
notch1,P1381L,1381,1,
notch1,E1382K,1382,1,
notch1,P1386T,1386,1,
notch1,S1388R,1388,1,
notch1,P1390L,1390,2,
notch1,P1390F,1390,2,
notch1,G1401E,1401,1,
notch1,G1401R,1401,1,
notch1,G1401D,1401,2,
notch1,T1402I,1402,2,
notch1,S1407F,1407,2,
notch1,A1418S,1418,1,
notch1,G1422E,1422,1,
notch1,G1422K,1422,2,
notch1,C1425R,1425,1,
notch1,G1433K,1433,2,
notch1,G1434C,1434,1,
notch1,G1437E,1437,1,
notch1,P1441L,1441,2,
notch1,P1443L,1443,2,
notch1,C1449Y,1449,1,1pb5 3i08 
notch1,C1454G,1454,1,1pb5 3i08 
notch1,C1454F,1454,1,1pb5 3i08 
notch1,C1454S,1454,1,1pb5 3i08 
notch1,C1463S,1463,2,1pb5 3i08 
notch1,C1467S,1467,2,1pb5 3i08 
notch1,C1472G,1472,1,1pb5 3i08 
notch1,D1475V,1475,1,1pb5 3i08 
notch1,D1475N,1475,1,1pb5 3i08 
notch1,D1475H,1475,1,1pb5 3i08 
notch1,C1479Y,1479,1,1pb5 3i08 
notch1,C1479S,1479,1,1pb5 3i08 
notch1,C1479F,1479,1,1pb5 3i08 
notch1,S1480F,1480,1,1pb5 3i08 
notch1,N1484Y,1484,1,3i08 
notch1,P1486F,1486,2,3i08 
notch1,W1487L,1487,1,3i08 
notch1,C1490Y,1490,1,3i08 
notch1,C1496F,1496,1,3i08 
notch1,W1497C,1497,1,3i08 
notch1,D1502G,1502,1,3i08 
notch1,C1505R,1505,1,3i08 
notch1,C1505W,1505,1,3i08 
notch1,C1509R,1509,1,3i08 
notch1,F1516L,1516,1,3i08 
notch1,D1517Y,1517,1,3i08 
notch1,D1517N,1517,1,3i08 
notch1,D1517G,1517,1,3i08 
notch1,C1536Y,1536,1,3i08 
notch1,G1548N,1548,2,3i08 
notch1,G1548D,1548,1,3i08 
notch1,G1548S,1548,1,3i08 
notch1,P1566S,1566,1,3i08 
notch1,V1576M,1576,2,3i08 
notch1,P1581L,1581,2,3i08 
notch1,E1583K,1583,1,3i08 
notch1,N1587S,1587,1,3i08 
notch1,S1589F,1589,1,3i08 
notch1,R1594Q,1594,1,3i08 
notch1,R1598C,1598,2,3i08 
notch1,F1606Y,1606,1,3i08 
notch1,H1611L,1611,1,3i08 
notch1,P1618L,1618,2,3i08 
notch1,R1622C,1622,1,
notch1,E1623K,1623,1,
notch1,H1629R,1629,1,
notch1,P1630L,1630,1,
notch1,A1634V,1634,2,
notch1,A1635V,1635,1,
notch1,G1637N,1637,2,
notch1,A1639V,1639,1,
notch1,A1650V,1650,2,
notch1,G1655S,1655,1,
notch1,E1679K,1679,1,
notch1,R1683W,1683,1,
notch1,S1689F,1689,1,
notch1,S1690L,1690,1,3l95 
notch1,T1697I,1697,1,3l95 
notch1,G1704R,1704,1,3l95 
notch1,P1715L,1715,1,3l95 
notch1,P1715S,1715,1,3l95 
notch1,S1723N,1723,1,3l95 5kzo 
notch1,T1725I,1725,1,3l95 5kzo 
notch1,V1726M,1726,1,3l95 5kzo 
notch1,P1729S,1729,1,5kzo 
notch1,P1729L,1729,1,5kzo 
notch1,A1741V,1741,1,5kzo 
notch1,A1742S,1742,1,5kzo 
notch1,F1744L,1744,1,5kzo 
notch1,L1746F,1746,1,5kzo 
notch1,G1751D,1751,1,5kzo 
notch1,G1751N,1751,2,5kzo 
notch1,G1753K,1753,2,5kzo 
notch1,G1753E,1753,2,5kzo 
notch1,G1753R,1753,1,5kzo 
notch1,V1754G,1754,1,5kzo 
notch1,L1755R,1755,1,5kzo 
notch1,S1757F,1757,1,5kzo 
notch1,H1764Q,1764,1,5kzo 6py8 
notch1,G1765V,1765,1,5kzo 6py8 
notch1,L1767F,1767,1,5kzo 6py8 
notch1,W1768L,1768,1,5kzo 6py8 
notch1,P1770F,1770,2,5kzo 6py8 
notch1,P1770S,1770,2,5kzo 6py8 
notch1,P1770L,1770,1,5kzo 6py8 
notch1,P1770R,1770,1,5kzo 6py8 
notch1,G1772S,1772,1,6py8 
notch1,R1784W,1784,1,
notch1,R1784P,1784,1,
notch1,R1784Q,1784,2,
notch1,R1784L,1784,1,
notch1,S1791F,1791,2,
notch1,L1794F,1794,1,
notch1,P1796L,1796,1,
notch1,P1796Y,1796,2,
notch1,G1814R,1814,1,
notch1,D1815V,1815,1,
notch1,D1815Y,1815,1,
notch1,E1816K,1816,1,
notch1,D1817N,1817,1,
notch1,T1820I,1820,1,
notch1,R1824L,1824,1,
notch1,R1824W,1824,2,
notch1,D1835N,1835,1,
notch1,D1836E,1836,1,
notch1,D1839N,1839,1,
notch1,R1841Q,1841,1,
notch1,R1841W,1841,2,
notch1,Q1845E,1845,1,
notch1,M1855T,1855,1,
notch1,V1867F,1867,1,
notch1,D1873N,1873,1,
notch1,N1875I,1875,1,
notch1,V1876F,1876,1,
notch1,R1877C,1877,1,
notch1,G1878E,1878,1,
notch1,G1878R,1878,1,
notch1,P1879L,1879,1,
notch1,D1880H,1880,1,
notch1,G1881A,1881,1,
notch1,P1884L,1884,2,2f8x 3v79 
notch1,S1889F,1889,1,2f8x 3v79 
notch1,G1892E,1892,1,
notch1,G1893S,1893,1,
notch1,N1899S,1899,1,
notch1,E1901K,1901,1,
notch1,E1903K,1903,1,
notch1,E1904K,1904,2,
notch1,P1907Q,1907,1,
notch1,A1908V,1908,2,2f8y 
notch1,S1911F,1911,1,2f8y 
notch1,G1917V,1917,1,2f8y 
notch1,T1924R,1924,1,2f8y 3nbn 
notch1,G1928S,1928,2,1yyh 2f8y 3nbn 
notch1,E1929K,1929,1,1yyh 2f8y 3nbn 
notch1,T1930I,1930,2,1yyh 2f8y 3nbn 
notch1,L1932S,1932,1,1yyh 2f8y 3nbn 
notch1,H1933Q,1933,1,1yyh 2f8y 3nbn 
notch1,L1934P,1934,1,1yyh 2f8y 3nbn 
notch1,A1935V,1935,1,1yyh 2f8y 3nbn 
notch1,A1936T,1936,1,1yyh 2f8y 3nbn 
notch1,A1936V,1936,2,1yyh 2f8y 3nbn 
notch1,A1936D,1936,1,1yyh 2f8y 3nbn 
notch1,R1937G,1937,1,1yyh 2f8y 3nbn 
notch1,R1937C,1937,2,1yyh 2f8y 3nbn 
notch1,R1937P,1937,1,1yyh 2f8y 3nbn 
notch1,Y1938C,1938,1,1yyh 2f8y 3nbn 
notch1,R1940P,1940,1,1yyh 2f8y 3nbn 
notch1,R1940L,1940,1,1yyh 2f8y 3nbn 
notch1,R1940C,1940,1,1yyh 2f8y 3nbn 
notch1,S1941F,1941,1,1yyh 2f8y 3nbn 
notch1,S1941T,1941,1,1yyh 2f8y 3nbn 
notch1,A1943D,1943,2,1yyh 2f8y 3nbn 
notch1,A1944P,1944,1,1yyh 2f8y 3nbn 
notch1,K1945T,1945,1,1yyh 2f8y 3nbn 
notch1,D1958N,1958,1,1yyh 2f8y 3nbn 
notch1,D1958V,1958,1,1yyh 2f8y 3nbn 
notch1,D1958Y,1958,1,1yyh 2f8y 3nbn 
notch1,D1958G,1958,1,1yyh 2f8y 3nbn 
notch1,G1961D,1961,1,1yyh 2f8y 3nbn 
notch1,R1962C,1962,1,1yyh 2f8y 3nbn 
notch1,P1964R,1964,1,1yyh 2f8y 3nbn 
notch1,P1964S,1964,1,1yyh 2f8y 3nbn 
notch1,P1964L,1964,1,1yyh 2f8y 3nbn 
notch1,H1966L,1966,1,1yyh 2f8y 3nbn 
notch1,H1966N,1966,2,1yyh 2f8y 3nbn 
notch1,H1966R,1966,1,1yyh 2f8y 3nbn 
notch1,A1967P,1967,1,1yyh 2f8y 3nbn 
notch1,A1968P,1968,2,1yyh 2f8y 3nbn 
notch1,V1969G,1969,1,1yyh 2f8y 3nbn 
notch1,D1972N,1972,1,1yyh 2f8y 3nbn 
notch1,A1973P,1973,1,1yyh 2f8y 3nbn 
notch1,F1977V,1977,1,1yyh 2f8y 3nbn 
notch1,Q1978L,1978,2,1yyh 2f8y 3nbn 
notch1,Q1978K,1978,1,1yyh 2f8y 3nbn 
notch1,L1980R,1980,1,1yyh 2f8y 3nbn 
notch1,R1982L,1982,1,1yyh 2f8y 3nbn 
notch1,R1991C,1991,1,1yyh 2f8y 3nbn 
notch1,M1992I,1992,1,1yyh 2f8y 3nbn 
notch1,H1993Y,1993,1,1yyh 2f8y 3nbn 
notch1,G1995V,1995,1,1yyh 2f8y 3nbn 
notch1,T1996M,1996,1,1yyh 2f8y 3nbn 
notch1,T1996K,1996,1,1yyh 2f8y 3nbn 
notch1,T1997M,1997,1,1yyh 2f8y 3nbn 
notch1,L1999R,1999,1,1yyh 2f8y 3nbn 
notch1,R2004G,2004,1,1yyh 2f8y 3nbn 
notch1,R2004C,2004,1,1yyh 2f8y 3nbn 
notch1,V2007A,2007,1,1yyh 2f8y 3nbn 
notch1,E2008K,2008,1,1yyh 2f8y 3nbn 
notch1,L2014F,2014,1,1yyh 2f8y 3nbn 
notch1,L2014I,2014,1,1yyh 2f8y 3nbn 
notch1,V2021G,2021,1,1yyh 2f8y 3nbn 
notch1,D2025Y,2025,1,1yyh 2f8y 3nbn 
notch1,D2025G,2025,1,1yyh 2f8y 3nbn 
notch1,S2030L,2030,2,1yyh 2f8y 3nbn 
notch1,S2030Y,2030,2,1yyh 2f8y 3nbn 
notch1,S2030F,2030,1,1yyh 2f8y 3nbn 
notch1,L2032H,2032,2,1yyh 2f8y 3nbn 
notch1,L2032R,2032,1,1yyh 2f8y 3nbn 
notch1,H2033R,2033,1,1yyh 2f8y 3nbn 
notch1,W2034R,2034,1,1yyh 2f8y 3nbn 
notch1,W2034L,2034,1,1yyh 2f8y 3nbn 
notch1,A2036D,2036,2,1yyh 2f8y 3nbn 
notch1,V2038E,2038,1,1yyh 2f8y 3nbn 
notch1,V2038M,2038,1,1yyh 2f8y 3nbn 
notch1,N2040K,2040,1,1yyh 2f8y 3nbn 
notch1,N2040I,2040,1,1yyh 2f8y 3nbn 
notch1,D2055N,2055,1,1yyh 2f8y 3nbn 
notch1,D2055G,2055,1,1yyh 2f8y 3nbn 
notch1,N2058K,2058,1,1yyh 2f8y 3nbn 
notch1,E2062K,2062,1,1yyh 2f8y 3nbn 
notch1,T2063K,2063,1,1yyh 2f8y 3nbn 
notch1,P2064F,2064,2,1yyh 2f8y 3nbn 
notch1,P2064L,2064,1,1yyh 2f8y 3nbn 
notch1,A2068D,2068,2,1yyh 2f8y 3nbn 
notch1,R2070P,2070,2,1yyh 2f8y 3nbn 
notch1,R2070W,2070,1,1yyh 2f8y 3nbn 
notch1,R2070G,2070,1,1yyh 2f8y 3nbn 
notch1,E2071K,2071,1,1yyh 2f8y 3nbn 
notch1,G2072N,2072,2,1yyh 2f8y 3nbn 
notch1,G2072D,2072,1,1yyh 2f8y 3nbn 
notch1,S2073N,2073,1,1yyh 2f8y 3nbn 
notch1,A2077P,2077,1,1yyh 2f8y 3nbn 
notch1,K2078R,2078,1,1yyh 2f8y 3nbn 
notch1,V2079M,2079,1,1yyh 2f8y 3nbn 
notch1,R2087W,2087,2,1yyh 2f8y 3nbn 
notch1,D2088Y,2088,1,1yyh 2f8y 3nbn 
notch1,D2091E,2091,1,1yyh 2f8y 3nbn 
notch1,D2091Y,2091,1,1yyh 2f8y 3nbn 
notch1,H2092Q,2092,1,1yyh 2f8y 3nbn 
notch1,L2096Q,2096,1,1yyh 2f8y 3nbn 
notch1,P2097L,2097,1,1yyh 2f8y 3nbn 
notch1,H2107Y,2107,1,1yyh 2f8y 3nbn 
notch1,D2108N,2108,1,1yyh 2f8y 3nbn 
notch1,I2109N,2109,1,1yyh 2f8y 3nbn 
notch1,L2113R,2113,1,1yyh 2f8y 3nbn 
notch1,Y2116H,2116,1,2f8y 3nbn 
notch1,S2121I,2121,1,2f8y 
notch1,P2122L,2122,2,2f8y 
notch1,G2126E,2126,1,
notch1,G2126R,2126,1,
notch1,P2128L,2128,1,
notch1,P2128S,2128,1,
notch1,G2130R,2130,1,
notch1,S2141L,2141,1,
notch1,S2148N,2148,1,
notch1,P2151S,2151,1,
notch1,P2151L,2151,1,
notch1,E2172K,2172,1,
notch1,R2179Q,2179,1,
notch1,G2188D,2188,1,
notch1,G2188S,2188,1,
notch1,S2194F,2194,1,
notch1,P2199L,2199,1,
notch1,S2202F,2202,1,
notch1,P2206L,2206,1,
notch1,G2208D,2208,1,
notch1,S2215L,2215,1,
notch1,P2217S,2217,1,
notch1,P2222S,2222,1,
notch1,P2222L,2222,1,
notch1,A2251T,2251,1,
notch1,P2253L,2253,1,
notch1,G2259D,2259,1,
notch1,R2272C,2272,1,
notch1,S2274F,2274,1,
notch1,H2275L,2275,1,
notch1,L2276V,2276,1,
notch1,S2289G,2289,1,
notch1,G2291K,2291,2,
notch1,G2291E,2291,1,
notch1,T2297I,2297,1,
notch1,T2302A,2302,1,
notch1,Q2307H,2307,1,
notch1,R2313W,2313,1,
notch1,P2325L,2325,1,
notch1,R2327Q,2327,1,
notch1,Q2338L,2338,1,
notch1,P2340L,2340,1,
notch1,S2341F,2341,1,
notch1,L2354F,2354,1,
notch1,P2377L,2377,1,
notch1,P2410S,2410,1,
notch1,P2414S,2414,1,
notch1,Q2416L,2416,1,
notch1,R2431Q,2431,1,
notch1,E2437K,2437,1,
notch1,G2447S,2447,2,
notch1,E2460K,2460,1,
notch1,P2462L,2462,1,
notch1,P2475L,2475,1,
notch1,S2491F,2491,1,
notch1,D2495V,2495,1,
notch1,P2498L,2498,2,
notch1,P2540F,2540,2,
