gene,accession,variant,residue,bases,candidates
RB1,P06400,E19K,19,1,AF-P06400-F1-model_v2 
RB1,P06400,P20L,20,2,AF-P06400-F1-model_v2 
RB1,P06400,P21S,21,1,AF-P06400-F1-model_v2 
RB1,P06400,P28S,28,1,AF-P06400-F1-model_v2 
RB1,P06400,P39S,39,1,AF-P06400-F1-model_v2 
RB1,P06400,D56N,56,1,AF-P06400-F1-model_v2 2qdj 
RB1,P06400,D68N,68,1,AF-P06400-F1-model_v2 2qdj 
RB1,P06400,D85N,85,1,AF-P06400-F1-model_v2 
RB1,P06400,S114W,114,1,AF-P06400-F1-model_v2 2qdj 4elj 
RB1,P06400,I124T,124,1,AF-P06400-F1-model_v2 2qdj 4elj 
RB1,P06400,E125G,125,1,AF-P06400-F1-model_v2 2qdj 4elj 
RB1,P06400,L171P,171,1,AF-P06400-F1-model_v2 2qdj 4elj 
RB1,P06400,I172L,172,1,AF-P06400-F1-model_v2 2qdj 4elj 
RB1,P06400,S187F,187,1,AF-P06400-F1-model_v2 2qdj 4elj 
RB1,P06400,S194F,194,1,AF-P06400-F1-model_v2 2qdj 4elj 
RB1,P06400,A201S,201,1,AF-P06400-F1-model_v2 2qdj 4elj 
RB1,P06400,M208I,208,1,AF-P06400-F1-model_v2 4elj 
RB1,P06400,S215L,215,1,AF-P06400-F1-model_v2 2qdj 4elj 
RB1,P06400,L220P,220,1,AF-P06400-F1-model_v2 2qdj 4elj 
RB1,P06400,F226C,226,1,AF-P06400-F1-model_v2 2qdj 4elj 
RB1,P06400,P238S,238,1,AF-P06400-F1-model_v2 2qdj 4elj 
RB1,P06400,P250S,250,1,AF-P06400-F1-model_v2 
RB1,P06400,R262Q,262,1,AF-P06400-F1-model_v2 
RB1,P06400,I263V,263,1,AF-P06400-F1-model_v2 
RB1,P06400,E275K,275,1,AF-P06400-F1-model_v2 2qdj 
RB1,P06400,K279E,279,1,AF-P06400-F1-model_v2 2qdj 
RB1,P06400,E287K,287,1,AF-P06400-F1-model_v2 2qdj 
RB1,P06400,P298L,298,1,AF-P06400-F1-model_v2 2qdj 
RB1,P06400,M300I,300,1,AF-P06400-F1-model_v2 
RB1,P06400,S302F,302,1,AF-P06400-F1-model_v2 2qdj 
RB1,P06400,G310R,310,1,AF-P06400-F1-model_v2 
RB1,P06400,P312S,312,1,AF-P06400-F1-model_v2 2qdj 
RB1,P06400,V314A,314,1,AF-P06400-F1-model_v2 2qdj 
RB1,P06400,E322K,322,1,AF-P06400-F1-model_v2 2qdj 
RB1,P06400,E323K,323,1,AF-P06400-F1-model_v2 2qdj 
RB1,P06400,L335I,335,1,AF-P06400-F1-model_v2 2qdj 
RB1,P06400,R355K,355,1,AF-P06400-F1-model_v2 2qdj 
RB1,P06400,L362F,362,1,AF-P06400-F1-model_v2 
RB1,P06400,P370S,370,1,AF-P06400-F1-model_v2 
RB1,P06400,P371S,371,1,AF-P06400-F1-model_v2 4elj 
RB1,P06400,D394N,394,1,AF-P06400-F1-model_v2 1ad6 1gux 1o9k 2r7g 3pom 4elj 4ell 
RB1,P06400,P396R,396,1,AF-P06400-F1-model_v2 1ad6 1gux 1o9k 2r7g 3pom 4elj 4ell 
RB1,P06400,E398K,398,1,AF-P06400-F1-model_v2 1ad6 1gux 1o9k 2r7g 3pom 4elj 4ell 
RB1,P06400,P411L,411,1,AF-P06400-F1-model_v2 1ad6 1gux 1o9k 2r7g 3pom 4elj 4ell 
RB1,P06400,G423R,423,1,AF-P06400-F1-model_v2 1ad6 1gux 1o9k 2r7g 3pom 4elj 4ell 
RB1,P06400,A433V,433,1,AF-P06400-F1-model_v2 1ad6 1gux 1o9k 2r7g 3pom 4elj 4ell 
RB1,P06400,L448F,448,1,AF-P06400-F1-model_v2 1ad6 1gux 1o9k 2r7g 3pom 4elj 4ell 
RB1,P06400,H483Y,483,1,AF-P06400-F1-model_v2 1ad6 1gux 1o9k 2r7g 3pom 4elj 4ell 
RB1,P06400,C489S,489,1,AF-P06400-F1-model_v2 1ad6 1gux 1o9k 2r7g 3pom 4elj 4ell 
RB1,P06400,L491F,491,1,AF-P06400-F1-model_v2 1ad6 1gux 1o9k 2r7g 3pom 4elj 4ell 
RB1,P06400,D507N,507,1,AF-P06400-F1-model_v2 1ad6 
RB1,P06400,S508F,508,1,AF-P06400-F1-model_v2 1ad6 1o9k 4elj 
RB1,P06400,L521R,521,1,AF-P06400-F1-model_v2 1ad6 1gux 1o9k 2r7g 4elj 
RB1,P06400,F528Y,528,1,AF-P06400-F1-model_v2 1ad6 1gux 1o9k 2r7g 4elj 
RB1,P06400,L550S,550,1,AF-P06400-F1-model_v2 1ad6 1gux 1o9k 2r7g 4elj 
RB1,P06400,E554D,554,1,AF-P06400-F1-model_v2 1ad6 1gux 1o9k 2r7g 4elj 
RB1,P06400,E554K,554,1,AF-P06400-F1-model_v2 1ad6 1gux 1o9k 2r7g 4elj 
RB1,P06400,L561F,561,2,AF-P06400-F1-model_v2 1ad6 1gux 1o9k 2r7g 4elj 
RB1,P06400,P568F,568,2,AF-P06400-F1-model_v2 1gux 1o9k 2r7g 4elj 
RB1,P06400,L586F,586,1,AF-P06400-F1-model_v2 
RB1,P06400,H600L,600,1,AF-P06400-F1-model_v2 
RB1,P06400,D604N,604,1,AF-P06400-F1-model_v2 
RB1,P06400,R611K,611,1,AF-P06400-F1-model_v2 
RB1,P06400,Q639L,639,1,AF-P06400-F1-model_v2 
RB1,P06400,L647F,647,1,AF-P06400-F1-model_v2 1gux 1o9k 2r7g 3pom 4elj 
RB1,P06400,R656Q,656,1,AF-P06400-F1-model_v2 1gux 1o9k 2r7g 3pom 4elj 
RB1,P06400,L662V,662,1,AF-P06400-F1-model_v2 1gux 1o9k 2r7g 3pom 4elj 
RB1,P06400,R668C,668,1,AF-P06400-F1-model_v2 1gux 1o9k 2r7g 3pom 4elj 
RB1,P06400,L694F,694,1,AF-P06400-F1-model_v2 1gux 1o9k 2r7g 3pom 4elj 
RB1,P06400,M695T,695,1,AF-P06400-F1-model_v2 1gux 1o9k 2r7g 3pom 4elj 
RB1,P06400,Q702K,702,1,AF-P06400-F1-model_v2 1gux 1o9k 2r7g 3pom 4elj 
RB1,P06400,R775K,775,1,AF-P06400-F1-model_v2 1gux 1o9k 2r7g 3pom 
RB1,P06400,L779V,779,1,AF-P06400-F1-model_v2 1gux 1o9k 2r7g 3pom 
RB1,P06400,S788R,788,1,AF-P06400-F1-model_v2 
RB1,P06400,P789L,789,1,AF-P06400-F1-model_v2 
RB1,P06400,P796L,796,1,AF-P06400-F1-model_v2 
RB1,P06400,L797V,797,1,AF-P06400-F1-model_v2 
RB1,P06400,R798H,798,2,AF-P06400-F1-model_v2 
RB1,P06400,G801R,801,1,AF-P06400-F1-model_v2 
RB1,P06400,G802E,802,1,AF-P06400-F1-model_v2 
RB1,P06400,G802K,802,2,AF-P06400-F1-model_v2 
RB1,P06400,P812L,812,1,AF-P06400-F1-model_v2 
RB1,P06400,S816L,816,1,AF-P06400-F1-model_v2 
RB1,P06400,T841I,841,1,AF-P06400-F1-model_v2 2aze 
RB1,P06400,E843K,843,1,AF-P06400-F1-model_v2 2aze 
RB1,P06400,R857C,857,1,AF-P06400-F1-model_v2 2aze 
RB1,P06400,R857G,857,1,AF-P06400-F1-model_v2 2aze 
RB1,P06400,K860R,860,1,AF-P06400-F1-model_v2 2aze 
RB1,P06400,G865E,865,1,AF-P06400-F1-model_v2 2aze 
RB1,P06400,G865R,865,1,AF-P06400-F1-model_v2 2aze 
RB1,P06400,P868S,868,1,AF-P06400-F1-model_v2 2aze 
RB1,P06400,P869S,869,1,AF-P06400-F1-model_v2 1h25 2aze 
RB1,P06400,P871S,871,1,AF-P06400-F1-model_v2 1h25 2aze 
RB1,P06400,S882L,882,1,AF-P06400-F1-model_v2 
RB1,P06400,E884K,884,1,AF-P06400-F1-model_v2 
RB1,P06400,D886N,886,1,AF-P06400-F1-model_v2 
RB1,P06400,S888N,888,1,AF-P06400-F1-model_v2 
RB1,P06400,R908G,908,1,AF-P06400-F1-model_v2 
RB1,P06400,R910Q,910,1,AF-P06400-F1-model_v2 
RB1,P06400,M916I,916,1,AF-P06400-F1-model_v2 
RB1,P06400,E926K,926,2,AF-P06400-F1-model_v2 
RB1,P06400,E927K,927,1,AF-P06400-F1-model_v2 
