source,pdb,score,pdb_mut,pdb_rid,pdb_chain,gene_no,mut_from,mut_to,ddg,method,resolution,coverage
AF,af-q99466-f1-model_v2,10.0,PROA4S,4,A,4,PRO,SER,0.207053,unknown,,1.0
AF,af-q99466-f1-model_v2,10.0,LEUA6P,6,A,6,LEU,PRO,0.457961,unknown,,1.0
AF,af-q99466-f1-model_v2,10.0,GLYA25R,25,A,25,GLY,ARG,1.55384,unknown,,1.0
AF,af-q99466-f1-model_v2,10.0,GLYA39S,39,A,39,GLY,SER,3.5215,unknown,,1.0
AF,af-q99466-f1-model_v2,10.0,GLYA49E,49,A,49,GLY,GLU,12.8392,unknown,,1.0
AF,af-q99466-f1-model_v2,10.0,ALAA86T,86,A,86,ALA,THR,0.205763,unknown,,1.0
AF,af-q99466-f1-model_v2,10.0,LEUA90F,90,A,90,LEU,PHE,-0.079468,unknown,,1.0
AF,af-q99466-f1-model_v2,10.0,PROA94S,94,A,94,PRO,SER,0.362675,unknown,,1.0
AF,af-q99466-f1-model_v2,10.0,PROA107S,107,A,107,PRO,SER,1.13439,unknown,,1.0
AF,af-q99466-f1-model_v2,10.0,PHEA109L,109,A,109,PHE,LEU,0.7833,unknown,,1.0
AF,af-q99466-f1-model_v2,10.0,GLUA119K,119,A,119,GLU,LYS,0.246943,unknown,,1.0
AF,af-q99466-f1-model_v2,10.0,ASPA120N,120,A,120,ASP,ASN,-0.198743,unknown,,1.0
AF,af-q99466-f1-model_v2,10.0,PROA121F,121,A,121,PRO,PHE,0.137773,unknown,,1.0
AF,af-q99466-f1-model_v2,10.0,SERA125F,125,A,125,SER,PHE,-1.1569,unknown,,1.0
AF,af-q99466-f1-model_v2,10.0,LYSA129Q,129,A,129,LYS,GLN,0.247271,unknown,,1.0
AF,af-q99466-f1-model_v2,10.0,ARGA132L,132,A,132,ARG,LEU,0.66366,unknown,,1.0
AF,af-q99466-f1-model_v2,10.0,HISA134Y,134,A,134,HIS,TYR,-0.697658,unknown,,1.0
AF,af-q99466-f1-model_v2,10.0,ARGA157Q,157,A,157,ARG,GLN,0.525393,unknown,,1.0
AF,af-q99466-f1-model_v2,10.0,ASPA158N,158,A,158,ASP,ASN,0.299325,unknown,,1.0
AF,af-q99466-f1-model_v2,10.0,SERA161L,161,A,161,SER,LEU,-0.158533,unknown,,1.0
AF,af-q99466-f1-model_v2,10.0,PROA164S,164,A,164,PRO,SER,1.83363,unknown,,1.0
AF,af-q99466-f1-model_v2,10.0,PROA164L,164,A,164,PRO,LEU,0.0409844,unknown,,1.0
AF,af-q99466-f1-model_v2,10.0,GLYA168R,168,A,168,GLY,ARG,2.08539,unknown,,1.0
AF,af-q99466-f1-model_v2,10.0,PROA184L,184,A,184,PRO,LEU,1.17789,unknown,,1.0
AF,af-q99466-f1-model_v2,10.0,HISA189Y,189,A,189,HIS,TYR,-0.216987,unknown,,1.0
AF,af-q99466-f1-model_v2,10.0,GLUA197K,197,A,197,GLU,LYS,-0.372266,unknown,,1.0
AF,af-q99466-f1-model_v2,10.0,GLUA197V,197,A,197,GLU,VAL,0.61147,unknown,,1.0
AF,af-q99466-f1-model_v2,10.0,PROA202L,202,A,202,PRO,LEU,1.16968,unknown,,1.0
AF,af-q99466-f1-model_v2,10.0,GLYA208S,208,A,208,GLY,SER,3.81685,unknown,,1.0
AF,af-q99466-f1-model_v2,10.0,GLYA216S,216,A,216,GLY,SER,2.97234,unknown,,1.0
AF,af-q99466-f1-model_v2,10.0,ARGA234Q,234,A,234,ARG,GLN,0.930057,unknown,,1.0
AF,af-q99466-f1-model_v2,10.0,GLYA236R,236,A,236,GLY,ARG,1.73652,unknown,,1.0
AF,af-q99466-f1-model_v2,10.0,PROA239F,239,A,239,PRO,PHE,1.90776,unknown,,1.0
AF,af-q99466-f1-model_v2,10.0,PROA240S,240,A,240,PRO,SER,1.19193,unknown,,1.0
AF,af-q99466-f1-model_v2,10.0,PROA240L,240,A,240,PRO,LEU,1.11348,unknown,,1.0
AF,af-q99466-f1-model_v2,10.0,GLYA246R,246,A,246,GLY,ARG,2.97355,unknown,,1.0
AF,af-q99466-f1-model_v2,10.0,GLYA246K,246,A,246,GLY,LYS,2.94545,unknown,,1.0
AF,af-q99466-f1-model_v2,10.0,GLYA246E,246,A,246,GLY,GLU,3.12974,unknown,,1.0
AF,af-q99466-f1-model_v2,10.0,GLYA247S,247,A,247,GLY,SER,5.58111,unknown,,1.0
AF,af-q99466-f1-model_v2,10.0,GLUA254K,254,A,254,GLU,LYS,-0.0988708,unknown,,1.0
AF,af-q99466-f1-model_v2,10.0,HISA260Y,260,A,260,HIS,TYR,-0.000117048,unknown,,1.0
AF,af-q99466-f1-model_v2,10.0,LEUA261F,261,A,261,LEU,PHE,-0.414907,unknown,,1.0
AF,af-q99466-f1-model_v2,10.0,PROA265S,265,A,265,PRO,SER,1.70478,unknown,,1.0
AF,af-q99466-f1-model_v2,10.0,PROA265L,265,A,265,PRO,LEU,1.63463,unknown,,1.0
AF,af-q99466-f1-model_v2,10.0,GLYA267S,267,A,267,GLY,SER,3.63267,unknown,,1.0
AF,af-q99466-f1-model_v2,10.0,ASPA272Y,272,A,272,ASP,TYR,0.682989,unknown,,1.0
AF,af-q99466-f1-model_v2,10.0,PROA277L,277,A,277,PRO,LEU,0.862934,unknown,,1.0
AF,af-q99466-f1-model_v2,10.0,GLYA288E,288,A,288,GLY,GLU,2.30528,unknown,,1.0
AF,af-q99466-f1-model_v2,10.0,ASPA293N,293,A,293,ASP,ASN,-0.730518,unknown,,1.0
AF,af-q99466-f1-model_v2,10.0,THRA305I,305,A,305,THR,ILE,-0.689237,unknown,,1.0
AF,af-q99466-f1-model_v2,10.0,SERA312F,312,A,312,SER,PHE,0.243273,unknown,,1.0
AF,af-q99466-f1-model_v2,10.0,PROA323L,323,A,323,PRO,LEU,0.694033,unknown,,1.0
AF,af-q99466-f1-model_v2,10.0,GLYA329R,329,A,329,GLY,ARG,3.47826,unknown,,1.0
AF,af-q99466-f1-model_v2,10.0,GLYA329E,329,A,329,GLY,GLU,3.54902,unknown,,1.0
AF,af-q99466-f1-model_v2,10.0,HISA340L,340,A,340,HIS,LEU,-0.987149,unknown,,1.0
AF,af-q99466-f1-model_v2,10.0,ASPA357N,357,A,357,ASP,ASN,-1.31304,unknown,,1.0
AF,af-q99466-f1-model_v2,10.0,ARGA373W,373,A,373,ARG,TRP,0.61587,unknown,,1.0
AF,af-q99466-f1-model_v2,10.0,GLYA375S,375,A,375,GLY,SER,3.9396,unknown,,1.0
AF,af-q99466-f1-model_v2,10.0,SERA376F,376,A,376,SER,PHE,0.905521,unknown,,1.0
AF,af-q99466-f1-model_v2,10.0,PROA382L,382,A,382,PRO,LEU,1.29506,unknown,,1.0
AF,af-q99466-f1-model_v2,10.0,PROA400S,400,A,400,PRO,SER,2.02613,unknown,,1.0
AF,af-q99466-f1-model_v2,10.0,GLNA406R,406,A,406,GLN,ARG,-0.0518138,unknown,,1.0
AF,af-q99466-f1-model_v2,10.0,GLNA406H,406,A,406,GLN,HIS,0.654645,unknown,,1.0
AF,af-q99466-f1-model_v2,10.0,GLYA414S,414,A,414,GLY,SER,2.83202,unknown,,1.0
AF,af-q99466-f1-model_v2,10.0,SERA425L,425,A,425,SER,LEU,-0.114955,unknown,,1.0
AF,af-q99466-f1-model_v2,10.0,GLYA426R,426,A,426,GLY,ARG,2.68212,unknown,,1.0
AF,af-q99466-f1-model_v2,10.0,CYSA436S,436,A,436,CYS,SER,3.73405,unknown,,1.0
AF,af-q99466-f1-model_v2,10.0,PROA445L,445,A,445,PRO,LEU,3.48482,unknown,,1.0
AF,af-q99466-f1-model_v2,10.0,SERA451F,451,A,451,SER,PHE,-0.363999,unknown,,1.0
AF,af-q99466-f1-model_v2,10.0,CYSA452Y,452,A,452,CYS,TYR,3.15506,unknown,,1.0
AF,af-q99466-f1-model_v2,10.0,SERA458F,458,A,458,SER,PHE,-0.251327,unknown,,1.0
AF,af-q99466-f1-model_v2,10.0,GLUA478K,478,A,478,GLU,LYS,5.53951,unknown,,1.0
AF,af-q99466-f1-model_v2,10.0,PROA486S,486,A,486,PRO,SER,2.13032,unknown,,1.0
AF,af-q99466-f1-model_v2,10.0,ASPA492N,492,A,492,ASP,ASN,-0.232229,unknown,,1.0
AF,af-q99466-f1-model_v2,10.0,LEUA494F,494,A,494,LEU,PHE,0.536607,unknown,,1.0
AF,af-q99466-f1-model_v2,10.0,ALAA495S,495,A,495,ALA,SER,0.044867,unknown,,1.0
AF,af-q99466-f1-model_v2,10.0,PROA503S,503,A,503,PRO,SER,1.23344,unknown,,1.0
AF,af-q99466-f1-model_v2,10.0,GLYA504D,504,A,504,GLY,ASP,12.1174,unknown,,1.0
AF,af-q99466-f1-model_v2,10.0,GLUA513K,513,A,513,GLU,LYS,0.085742,unknown,,1.0
AF,af-q99466-f1-model_v2,10.0,GLUA516Q,516,A,516,GLU,GLN,0.0119082,unknown,,1.0
AF,af-q99466-f1-model_v2,10.0,PROA521L,521,A,521,PRO,LEU,2.16419,unknown,,1.0
AF,af-q99466-f1-model_v2,10.0,PROA521S,521,A,521,PRO,SER,3.67101,unknown,,1.0
AF,af-q99466-f1-model_v2,10.0,GLUA550K,550,A,550,GLU,LYS,-1.30929,unknown,,1.0
AF,af-q99466-f1-model_v2,10.0,ASPA553N,553,A,553,ASP,ASN,-1.08502,unknown,,1.0
AF,af-q99466-f1-model_v2,10.0,ASPA553E,553,A,553,ASP,GLU,-0.210969,unknown,,1.0
AF,af-q99466-f1-model_v2,10.0,CYSA555Y,555,A,555,CYS,TYR,2.78678,unknown,,1.0
AF,af-q99466-f1-model_v2,10.0,SERA558F,558,A,558,SER,PHE,0.193744,unknown,,1.0
AF,af-q99466-f1-model_v2,10.0,PROA559S,559,A,559,PRO,SER,2.87286,unknown,,1.0
AF,af-q99466-f1-model_v2,10.0,HISA574Y,574,A,574,HIS,TYR,-0.618768,unknown,,1.0
AF,af-q99466-f1-model_v2,10.0,LEUA578F,578,A,578,LEU,PHE,0.168522,unknown,,1.0
AF,af-q99466-f1-model_v2,10.0,GLYA583R,583,A,583,GLY,ARG,4.08418,unknown,,1.0
AF,af-q99466-f1-model_v2,10.0,PROA599S,599,A,599,PRO,SER,2.06453,unknown,,1.0
AF,af-q99466-f1-model_v2,10.0,PROA599L,599,A,599,PRO,LEU,1.76293,unknown,,1.0
AF,af-q99466-f1-model_v2,10.0,GLYA601R,601,A,601,GLY,ARG,3.05837,unknown,,1.0
AF,af-q99466-f1-model_v2,10.0,ASPA606N,606,A,606,ASP,ASN,-1.21222,unknown,,1.0
AF,af-q99466-f1-model_v2,10.0,LEUA607F,607,A,607,LEU,PHE,-0.473264,unknown,,1.0
AF,af-q99466-f1-model_v2,10.0,PROA608L,608,A,608,PRO,LEU,0.553916,unknown,,1.0
AF,af-q99466-f1-model_v2,10.0,GLYA609R,609,A,609,GLY,ARG,5.85187,unknown,,1.0
AF,af-q99466-f1-model_v2,10.0,PHEA612L,612,A,612,PHE,LEU,0.124784,unknown,,1.0
AF,af-q99466-f1-model_v2,10.0,PROA616L,616,A,616,PRO,LEU,1.0029,unknown,,1.0
AF,af-q99466-f1-model_v2,10.0,PROA627L,627,A,627,PRO,LEU,0.958551,unknown,,1.0
AF,af-q99466-f1-model_v2,10.0,LEUA628R,628,A,628,LEU,ARG,0.226078,unknown,,1.0
AF,af-q99466-f1-model_v2,10.0,ASNA632S,632,A,632,ASN,SER,0.299214,unknown,,1.0
AF,af-q99466-f1-model_v2,10.0,ASPA642N,642,A,642,ASP,ASN,-1.04536,unknown,,1.0
AF,af-q99466-f1-model_v2,10.0,ASPA642Y,642,A,642,ASP,TYR,-0.0570336,unknown,,1.0
AF,af-q99466-f1-model_v2,10.0,PROA661L,661,A,661,PRO,LEU,-1.66689,unknown,,1.0
AF,af-q99466-f1-model_v2,10.0,HISA669Y,669,A,669,HIS,TYR,-0.310896,unknown,,1.0
AF,af-q99466-f1-model_v2,10.0,TRPA683C,683,A,683,TRP,CYS,2.00278,unknown,,1.0
AF,af-q99466-f1-model_v2,10.0,GLYA685R,685,A,685,GLY,ARG,3.28061,unknown,,1.0
AF,af-q99466-f1-model_v2,10.0,PROA686S,686,A,686,PRO,SER,1.42618,unknown,,1.0
AF,af-q99466-f1-model_v2,10.0,ALAA701V,701,A,701,ALA,VAL,1.05692,unknown,,1.0
AF,af-q99466-f1-model_v2,10.0,GLYA704E,704,A,704,GLY,GLU,23.5119,unknown,,1.0
AF,af-q99466-f1-model_v2,10.0,PROA737L,737,A,737,PRO,LEU,2.17837,unknown,,1.0
AF,af-q99466-f1-model_v2,10.0,GLYA749K,749,A,749,GLY,LYS,-0.404958,unknown,,1.0
AF,af-q99466-f1-model_v2,10.0,GLYA749E,749,A,749,GLY,GLU,-0.0577925,unknown,,1.0
AF,af-q99466-f1-model_v2,10.0,GLYA761R,761,A,761,GLY,ARG,2.97667,unknown,,1.0
AF,af-q99466-f1-model_v2,10.0,THRA781I,781,A,781,THR,ILE,-1.37848,unknown,,1.0
AF,af-q99466-f1-model_v2,10.0,ARGA785K,785,A,785,ARG,LYS,0.422591,unknown,,1.0
AF,af-q99466-f1-model_v2,10.0,GLUA803K,803,A,803,GLU,LYS,0.927199,unknown,,1.0
AF,af-q99466-f1-model_v2,10.0,GLYA804K,804,A,804,GLY,LYS,-0.473469,unknown,,1.0
AF,af-q99466-f1-model_v2,10.0,THRA820I,820,A,820,THR,ILE,-0.353607,unknown,,1.0
AF,af-q99466-f1-model_v2,10.0,PROA825S,825,A,825,PRO,SER,0.746149,unknown,,1.0
AF,af-q99466-f1-model_v2,10.0,PROA828L,828,A,828,PRO,LEU,6.8078,unknown,,1.0
AF,af-q99466-f1-model_v2,10.0,ARGA829G,829,A,829,ARG,GLY,1.46692,unknown,,1.0
AF,af-q99466-f1-model_v2,10.0,GLYA835A,835,A,835,GLY,ALA,5.1204,unknown,,1.0
AF,af-q99466-f1-model_v2,10.0,TYRA836H,836,A,836,TYR,HIS,2.26314,unknown,,1.0
AF,af-q99466-f1-model_v2,10.0,META845I,845,A,845,MET,ILE,-0.0707657,unknown,,1.0
AF,af-q99466-f1-model_v2,10.0,PROA852S,852,A,852,PRO,SER,3.31611,unknown,,1.0
AF,af-q99466-f1-model_v2,10.0,LEUA860F,860,A,860,LEU,PHE,0.294524,unknown,,1.0
AF,af-q99466-f1-model_v2,10.0,GLYA876R,876,A,876,GLY,ARG,1.8099,unknown,,1.0
AF,af-q99466-f1-model_v2,10.0,SERA885F,885,A,885,SER,PHE,3.38902,unknown,,1.0
AF,af-q99466-f1-model_v2,10.0,ALAA889T,889,A,889,ALA,THR,1.30952,unknown,,1.0
AF,af-q99466-f1-model_v2,10.0,GLNA893L,893,A,893,GLN,LEU,-0.723394,unknown,,1.0
AF,af-q99466-f1-model_v2,10.0,ASPA896N,896,A,896,ASP,ASN,1.44771,unknown,,1.0
AF,af-q99466-f1-model_v2,10.0,SERA899F,899,A,899,SER,PHE,-0.368873,unknown,,1.0
AF,af-q99466-f1-model_v2,10.0,LEUA900F,900,A,900,LEU,PHE,3.82443,unknown,,1.0
AF,af-q99466-f1-model_v2,10.0,GLYA904E,904,A,904,GLY,GLU,2.34749,unknown,,1.0
AF,af-q99466-f1-model_v2,10.0,GLYA904R,904,A,904,GLY,ARG,3.56185,unknown,,1.0
AF,af-q99466-f1-model_v2,10.0,PROA912L,912,A,912,PRO,LEU,0.351522,unknown,,1.0
AF,af-q99466-f1-model_v2,10.0,HISA917Y,917,A,917,HIS,TYR,-0.619016,unknown,,1.0
AF,af-q99466-f1-model_v2,10.0,GLYA921E,921,A,921,GLY,GLU,3.74743,unknown,,1.0
AF,af-q99466-f1-model_v2,10.0,GLNA923R,923,A,923,GLN,ARG,0.000606888,unknown,,1.0
AF,af-q99466-f1-model_v2,10.0,HISA930L,930,A,930,HIS,LEU,-0.751371,unknown,,1.0
AF,af-q99466-f1-model_v2,10.0,VALA931M,931,A,931,VAL,MET,-0.167208,unknown,,1.0
AF,af-q99466-f1-model_v2,10.0,PROA938L,938,A,938,PRO,LEU,1.84419,unknown,,1.0
AF,af-q99466-f1-model_v2,10.0,ALAA943T,943,A,943,ALA,THR,7.42671,unknown,,1.0
AF,af-q99466-f1-model_v2,10.0,PROA949L,949,A,949,PRO,LEU,0.491946,unknown,,1.0
AF,af-q99466-f1-model_v2,10.0,ASPA961N,961,A,961,ASP,ASN,0.430429,unknown,,1.0
AF,af-q99466-f1-model_v2,10.0,SERA974F,974,A,974,SER,PHE,-0.105162,unknown,,1.0
AF,af-q99466-f1-model_v2,10.0,PROA976S,976,A,976,PRO,SER,2.02331,unknown,,1.0
AF,af-q99466-f1-model_v2,10.0,HISA978Q,978,A,978,HIS,GLN,-0.654486,unknown,,1.0
AF,af-q99466-f1-model_v2,10.0,HISA980Y,980,A,980,HIS,TYR,-0.144001,unknown,,1.0
AF,af-q99466-f1-model_v2,10.0,THRA984S,984,A,984,THR,SER,0.874901,unknown,,1.0
AF,af-q99466-f1-model_v2,10.0,PROA985L,985,A,985,PRO,LEU,1.10296,unknown,,1.0
AF,af-q99466-f1-model_v2,10.0,GLYA988E,988,A,988,GLY,GLU,1.95355,unknown,,1.0
AF,af-q99466-f1-model_v2,10.0,GLYA989R,989,A,989,GLY,ARG,2.44098,unknown,,1.0
AF,af-q99466-f1-model_v2,10.0,HISA991Y,991,A,991,HIS,TYR,-0.382597,unknown,,1.0
AF,af-q99466-f1-model_v2,10.0,ARGA1002C,1002,A,1002,ARG,CYS,0.669534,unknown,,1.0
AF,af-q99466-f1-model_v2,10.0,ASPA1008E,1008,A,1008,ASP,GLU,0.752285,unknown,,1.0
AF,af-q99466-f1-model_v2,10.0,ASPA1012N,1012,A,1012,ASP,ASN,-0.139533,unknown,,1.0
AF,af-q99466-f1-model_v2,10.0,PROA1017F,1017,A,1017,PRO,PHE,1.36966,unknown,,1.0
AF,af-q99466-f1-model_v2,10.0,GLYA1019S,1019,A,1019,GLY,SER,4.78895,unknown,,1.0
AF,af-q99466-f1-model_v2,10.0,GLUA1044K,1044,A,1044,GLU,LYS,0.943329,unknown,,1.0
AF,af-q99466-f1-model_v2,10.0,PROA1049S,1049,A,1049,PRO,SER,1.84286,unknown,,1.0
AF,af-q99466-f1-model_v2,10.0,HISA1051Y,1051,A,1051,HIS,TYR,0.619321,unknown,,1.0
AF,af-q99466-f1-model_v2,10.0,PROA1054S,1054,A,1054,PRO,SER,2.32577,unknown,,1.0
AF,af-q99466-f1-model_v2,10.0,HISA1057Y,1057,A,1057,HIS,TYR,0.0291198,unknown,,1.0
AF,af-q99466-f1-model_v2,10.0,GLYA1070N,1070,A,1070,GLY,ASN,3.70737,unknown,,1.0
AF,af-q99466-f1-model_v2,10.0,GLYA1078C,1078,A,1078,GLY,CYS,3.83551,unknown,,1.0
AF,af-q99466-f1-model_v2,10.0,ALAA1088T,1088,A,1088,ALA,THR,0.0636409,unknown,,1.0
AF,af-q99466-f1-model_v2,10.0,PROA1089F,1089,A,1089,PRO,PHE,-1.607,unknown,,1.0
AF,af-q99466-f1-model_v2,10.0,SERA1090F,1090,A,1090,SER,PHE,-0.347215,unknown,,1.0
AF,af-q99466-f1-model_v2,10.0,GLYA1099E,1099,A,1099,GLY,GLU,1.71044,unknown,,1.0
AF,af-q99466-f1-model_v2,10.0,GLYA1099K,1099,A,1099,GLY,LYS,1.54056,unknown,,1.0
AF,af-q99466-f1-model_v2,10.0,LEUA1117F,1117,A,1117,LEU,PHE,0.0784633,unknown,,1.0
AF,af-q99466-f1-model_v2,10.0,PROA1123F,1123,A,1123,PRO,PHE,0.432087,unknown,,1.0
AF,af-q99466-f1-model_v2,10.0,PROA1129S,1129,A,1129,PRO,SER,-1.72824,unknown,,1.0
AF,af-q99466-f1-model_v2,10.0,PROA1131S,1131,A,1131,PRO,SER,1.44238,unknown,,1.0
AF,af-q99466-f1-model_v2,10.0,GLYA1133N,1133,A,1133,GLY,ASN,3.18403,unknown,,1.0
AF,af-q99466-f1-model_v2,10.0,GLYA1133C,1133,A,1133,GLY,CYS,3.48637,unknown,,1.0
AF,af-q99466-f1-model_v2,10.0,GLYA1135S,1135,A,1135,GLY,SER,-0.406335,unknown,,1.0
AF,af-q99466-f1-model_v2,10.0,PROA1137S,1137,A,1137,PRO,SER,1.62571,unknown,,1.0
AF,af-q99466-f1-model_v2,10.0,SERA1138F,1138,A,1138,SER,PHE,-1.24959,unknown,,1.0
AF,af-q99466-f1-model_v2,10.0,PROA1139L,1139,A,1139,PRO,LEU,0.943236,unknown,,1.0
AF,af-q99466-f1-model_v2,10.0,ASNA1143D,1143,A,1143,ASN,ASP,0.170448,unknown,,1.0
AF,af-q99466-f1-model_v2,10.0,GLYA1153R,1153,A,1153,GLY,ARG,0.38983,unknown,,1.0
AF,af-q99466-f1-model_v2,10.0,GLYA1153E,1153,A,1153,GLY,GLU,0.628269,unknown,,1.0
AF,af-q99466-f1-model_v2,10.0,SERA1160P,1160,A,1160,SER,PRO,3.77069,unknown,,1.0
AF,af-q99466-f1-model_v2,10.0,PROA1166L,1166,A,1166,PRO,LEU,1.4137,unknown,,1.0
AF,af-q99466-f1-model_v2,10.0,GLYA1167E,1167,A,1167,GLY,GLU,3.22185,unknown,,1.0
AF,af-q99466-f1-model_v2,10.0,GLYA1167R,1167,A,1167,GLY,ARG,4.14726,unknown,,1.0
AF,af-q99466-f1-model_v2,10.0,PROA1168S,1168,A,1168,PRO,SER,1.07145,unknown,,1.0
AF,af-q99466-f1-model_v2,10.0,ARGA1169Q,1169,A,1169,ARG,GLN,0.44359,unknown,,1.0
AF,af-q99466-f1-model_v2,10.0,ARGA1169W,1169,A,1169,ARG,TRP,1.14212,unknown,,1.0
AF,af-q99466-f1-model_v2,10.0,PROA1173L,1173,A,1173,PRO,LEU,-1.93576,unknown,,1.0
AF,af-q99466-f1-model_v2,10.0,GLYA1177E,1177,A,1177,GLY,GLU,1.08396,unknown,,1.0
AF,af-q99466-f1-model_v2,10.0,GLYA1177R,1177,A,1177,GLY,ARG,0.889685,unknown,,1.0
AF,af-q99466-f1-model_v2,10.0,ASPA1184N,1184,A,1184,ASP,ASN,-0.825303,unknown,,1.0
AF,af-q99466-f1-model_v2,10.0,ALAA1189T,1189,A,1189,ALA,THR,-0.229177,unknown,,1.0
AF,af-q99466-f1-model_v2,10.0,PROA1194S,1194,A,1194,PRO,SER,2.79609,unknown,,1.0
AF,af-q99466-f1-model_v2,10.0,PROA1194L,1194,A,1194,PRO,LEU,0.892013,unknown,,1.0
AF,af-q99466-f1-model_v2,10.0,GLYA1195E,1195,A,1195,GLY,GLU,-0.670332,unknown,,1.0
AF,af-q99466-f1-model_v2,10.0,GLYA1195R,1195,A,1195,GLY,ARG,-0.699234,unknown,,1.0
AF,af-q99466-f1-model_v2,10.0,GLYA1196R,1196,A,1196,GLY,ARG,11.6117,unknown,,1.0
AF,af-q99466-f1-model_v2,10.0,ASPA1199E,1199,A,1199,ASP,GLU,6.09684,unknown,,1.0
AF,af-q99466-f1-model_v2,10.0,ASPA1199N,1199,A,1199,ASP,ASN,0.505932,unknown,,1.0
AF,af-q99466-f1-model_v2,10.0,ASPA1202Y,1202,A,1202,ASP,TYR,12.3221,unknown,,1.0
AF,af-q99466-f1-model_v2,10.0,GLYA1206R,1206,A,1206,GLY,ARG,3.26208,unknown,,1.0
AF,af-q99466-f1-model_v2,10.0,GLYA1206I,1206,A,1206,GLY,ILE,4.51359,unknown,,1.0
AF,af-q99466-f1-model_v2,10.0,PROA1210S,1210,A,1210,PRO,SER,4.68293,unknown,,1.0
AF,af-q99466-f1-model_v2,10.0,PROA1215S,1215,A,1215,PRO,SER,1.99067,unknown,,1.0
AF,af-q99466-f1-model_v2,10.0,PROA1215L,1215,A,1215,PRO,LEU,0.980642,unknown,,1.0
AF,af-q99466-f1-model_v2,10.0,SERA1216F,1216,A,1216,SER,PHE,0.0300555,unknown,,1.0
AF,af-q99466-f1-model_v2,10.0,ARGA1219W,1219,A,1219,ARG,TRP,0.961045,unknown,,1.0
AF,af-q99466-f1-model_v2,10.0,ARGA1219Q,1219,A,1219,ARG,GLN,0.277334,unknown,,1.0
AF,af-q99466-f1-model_v2,10.0,LEUA1223F,1223,A,1223,LEU,PHE,0.0935437,unknown,,1.0
AF,af-q99466-f1-model_v2,10.0,PHEA1224C,1224,A,1224,PHE,CYS,3.75245,unknown,,1.0
AF,af-q99466-f1-model_v2,10.0,ARGA1225W,1225,A,1225,ARG,TRP,1.93099,unknown,,1.0
AF,af-q99466-f1-model_v2,10.0,GLYA1227R,1227,A,1227,GLY,ARG,2.48774,unknown,,1.0
AF,af-q99466-f1-model_v2,10.0,GLYA1227E,1227,A,1227,GLY,GLU,3.74011,unknown,,1.0
AF,af-q99466-f1-model_v2,10.0,PROA1231S,1231,A,1231,PRO,SER,2.40778,unknown,,1.0
AF,af-q99466-f1-model_v2,10.0,PROA1231L,1231,A,1231,PRO,LEU,1.37364,unknown,,1.0
AF,af-q99466-f1-model_v2,10.0,ASPA1244N,1244,A,1244,ASP,ASN,-0.90914,unknown,,1.0
AF,af-q99466-f1-model_v2,10.0,PROA1249S,1249,A,1249,PRO,SER,0.986512,unknown,,1.0
AF,af-q99466-f1-model_v2,10.0,PROA1253L,1253,A,1253,PRO,LEU,1.04854,unknown,,1.0
AF,af-q99466-f1-model_v2,10.0,ASPA1288N,1288,A,1288,ASP,ASN,-0.0236016,unknown,,1.0
AF,af-q99466-f1-model_v2,10.0,PROA1295S,1295,A,1295,PRO,SER,2.17103,unknown,,1.0
AF,af-q99466-f1-model_v2,10.0,PROA1295L,1295,A,1295,PRO,LEU,0.929041,unknown,,1.0
AF,af-q99466-f1-model_v2,10.0,ALAA1298T,1298,A,1298,ALA,THR,0.199303,unknown,,1.0
AF,af-q99466-f1-model_v2,10.0,VALA1301M,1301,A,1301,VAL,MET,-1.46579,unknown,,1.0
AF,af-q99466-f1-model_v2,10.0,VALA1302I,1302,A,1302,VAL,ILE,-1.10522,unknown,,1.0
AF,af-q99466-f1-model_v2,10.0,PROA1305L,1305,A,1305,PRO,LEU,1.13968,unknown,,1.0
AF,af-q99466-f1-model_v2,10.0,ALAA1307V,1307,A,1307,ALA,VAL,-0.159097,unknown,,1.0
AF,af-q99466-f1-model_v2,10.0,VALA1318M,1318,A,1318,VAL,MET,-0.934916,unknown,,1.0
AF,af-q99466-f1-model_v2,10.0,ARGA1330K,1330,A,1330,ARG,LYS,0.0334232,unknown,,1.0
AF,af-q99466-f1-model_v2,10.0,ASPA1337V,1337,A,1337,ASP,VAL,-1.38744,unknown,,1.0
AF,af-q99466-f1-model_v2,10.0,PROA1343L,1343,A,1343,PRO,LEU,1.33609,unknown,,1.0
AF,af-q99466-f1-model_v2,10.0,GLUA1348K,1348,A,1348,GLU,LYS,0.67295,unknown,,1.0
AF,af-q99466-f1-model_v2,10.0,ARGA1355W,1355,A,1355,ARG,TRP,0.924034,unknown,,1.0
AF,af-q99466-f1-model_v2,10.0,ARGA1355Q,1355,A,1355,ARG,GLN,0.294651,unknown,,1.0
AF,af-q99466-f1-model_v2,10.0,ARGA1362K,1362,A,1362,ARG,LYS,0.190455,unknown,,1.0
AF,af-q99466-f1-model_v2,10.0,SERA1376F,1376,A,1376,SER,PHE,-0.0346907,unknown,,1.0
AF,af-q99466-f1-model_v2,10.0,LEUA1377F,1377,A,1377,LEU,PHE,0.32767,unknown,,1.0
AF,af-q99466-f1-model_v2,10.0,ASPA1388N,1388,A,1388,ASP,ASN,0.298081,unknown,,1.0
AF,af-q99466-f1-model_v2,10.0,ASPA1395N,1395,A,1395,ASP,ASN,-0.000391657,unknown,,1.0
AF,af-q99466-f1-model_v2,10.0,HISA1396L,1396,A,1396,HIS,LEU,0.374755,unknown,,1.0
AF,af-q99466-f1-model_v2,10.0,ARGA1400C,1400,A,1400,ARG,CYS,1.27673,unknown,,1.0
AF,af-q99466-f1-model_v2,10.0,PROA1402L,1402,A,1402,PRO,LEU,0.467119,unknown,,1.0
AF,af-q99466-f1-model_v2,10.0,ASPA1404N,1404,A,1404,ASP,ASN,3.04544,unknown,,1.0
AF,af-q99466-f1-model_v2,10.0,PROA1405L,1405,A,1405,PRO,LEU,1.59992,unknown,,1.0
AF,af-q99466-f1-model_v2,10.0,GLYA1406R,1406,A,1406,GLY,ARG,-0.541081,unknown,,1.0
AF,af-q99466-f1-model_v2,10.0,LEUA1407F,1407,A,1407,LEU,PHE,1.38757,unknown,,1.0
AF,af-q99466-f1-model_v2,10.0,ARGA1410P,1410,A,1410,ARG,PRO,3.50245,unknown,,1.0
AF,af-q99466-f1-model_v2,10.0,GLUA1422K,1422,A,1422,GLU,LYS,-0.503014,unknown,,1.0
AF,af-q99466-f1-model_v2,10.0,PROA1426S,1426,A,1426,PRO,SER,2.99459,unknown,,1.0
AF,af-q99466-f1-model_v2,10.0,PROA1426L,1426,A,1426,PRO,LEU,1.60905,unknown,,1.0
AF,af-q99466-f1-model_v2,10.0,GLYA1427E,1427,A,1427,GLY,GLU,2.59947,unknown,,1.0
AF,af-q99466-f1-model_v2,10.0,PROA1428S,1428,A,1428,PRO,SER,1.25702,unknown,,1.0
AF,af-q99466-f1-model_v2,10.0,THRA1438I,1438,A,1438,THR,ILE,-0.073582,unknown,,1.0
AF,af-q99466-f1-model_v2,10.0,PROA1440S,1440,A,1440,PRO,SER,1.0879,unknown,,1.0
AF,af-q99466-f1-model_v2,10.0,GLYA1463E,1463,A,1463,GLY,GLU,-0.794618,unknown,,1.0
AF,af-q99466-f1-model_v2,10.0,LEUA1468F,1468,A,1468,LEU,PHE,0.0622675,unknown,,1.0
AF,af-q99466-f1-model_v2,10.0,ARGA1474Q,1474,A,1474,ARG,GLN,-0.545266,unknown,,1.0
AF,af-q99466-f1-model_v2,10.0,ARGA1476Q,1476,A,1476,ARG,GLN,0.0638823,unknown,,1.0
AF,af-q99466-f1-model_v2,10.0,GLUA1477K,1477,A,1477,GLU,LYS,0.0904232,unknown,,1.0
AF,af-q99466-f1-model_v2,10.0,GLYA1479E,1479,A,1479,GLY,GLU,-0.33572,unknown,,1.0
AF,af-q99466-f1-model_v2,10.0,GLYA1479R,1479,A,1479,GLY,ARG,-0.203139,unknown,,1.0
AF,af-q99466-f1-model_v2,10.0,PROA1485S,1485,A,1485,PRO,SER,1.16156,unknown,,1.0
AF,af-q99466-f1-model_v2,10.0,ARGA1492W,1492,A,1492,ARG,TRP,0.268709,unknown,,1.0
AF,af-q99466-f1-model_v2,10.0,SERA1495L,1495,A,1495,SER,LEU,-0.13777,unknown,,1.0
AF,af-q99466-f1-model_v2,10.0,PROA1497S,1497,A,1497,PRO,SER,-0.268796,unknown,,1.0
AF,af-q99466-f1-model_v2,10.0,PROA1497L,1497,A,1497,PRO,LEU,-0.867296,unknown,,1.0
AF,af-q99466-f1-model_v2,10.0,PROA1502L,1502,A,1502,PRO,LEU,1.14687,unknown,,1.0
AF,af-q99466-f1-model_v2,10.0,PROA1503S,1503,A,1503,PRO,SER,1.48153,unknown,,1.0
AF,af-q99466-f1-model_v2,10.0,ALAA1518T,1518,A,1518,ALA,THR,2.8566,unknown,,1.0
AF,af-q99466-f1-model_v2,10.0,PROA1531S,1531,A,1531,PRO,SER,0.282776,unknown,,1.0
AF,af-q99466-f1-model_v2,10.0,PROA1562S,1562,A,1562,PRO,SER,0.536234,unknown,,1.0
AF,af-q99466-f1-model_v2,10.0,PROA1562L,1562,A,1562,PRO,LEU,0.726468,unknown,,1.0
AF,af-q99466-f1-model_v2,10.0,PROA1569F,1569,A,1569,PRO,PHE,0.997707,unknown,,1.0
AF,af-q99466-f1-model_v2,10.0,PROA1569S,1569,A,1569,PRO,SER,1.44819,unknown,,1.0
AF,af-q99466-f1-model_v2,10.0,GLUA1576K,1576,A,1576,GLU,LYS,-0.264342,unknown,,1.0
AF,af-q99466-f1-model_v2,10.0,PROA1578S,1578,A,1578,PRO,SER,0.202826,unknown,,1.0
AF,af-q99466-f1-model_v2,10.0,ASPA1586N,1586,A,1586,ASP,ASN,-0.507187,unknown,,1.0
AF,af-q99466-f1-model_v2,10.0,GLYA1587R,1587,A,1587,GLY,ARG,6.24728,unknown,,1.0
AF,af-q99466-f1-model_v2,10.0,SERA1593T,1593,A,1593,SER,THR,-0.365667,unknown,,1.0
AF,af-q99466-f1-model_v2,10.0,ALAA1608T,1608,A,1608,ALA,THR,-0.139929,unknown,,1.0
AF,af-q99466-f1-model_v2,10.0,TRPA1609L,1609,A,1609,TRP,LEU,0.0839904,unknown,,1.0
AF,af-q99466-f1-model_v2,10.0,GLYA1611K,1611,A,1611,GLY,LYS,2.73275,unknown,,1.0
AF,af-q99466-f1-model_v2,10.0,GLYA1611R,1611,A,1611,GLY,ARG,2.09855,unknown,,1.0
AF,af-q99466-f1-model_v2,10.0,GLYA1611E,1611,A,1611,GLY,GLU,3.02019,unknown,,1.0
AF,af-q99466-f1-model_v2,10.0,PROA1613S,1613,A,1613,PRO,SER,-0.0551565,unknown,,1.0
AF,af-q99466-f1-model_v2,10.0,PROA1626L,1626,A,1626,PRO,LEU,2.61655,unknown,,1.0
AF,af-q99466-f1-model_v2,10.0,GLYA1634E,1634,A,1634,GLY,GLU,6.58057,unknown,,1.0
AF,af-q99466-f1-model_v2,10.0,PROA1637L,1637,A,1637,PRO,LEU,8.01866,unknown,,1.0
AF,af-q99466-f1-model_v2,10.0,ALAA1641T,1641,A,1641,ALA,THR,2.44259,unknown,,1.0
AF,af-q99466-f1-model_v2,10.0,SERA1645F,1645,A,1645,SER,PHE,1.11669,unknown,,1.0
AF,af-q99466-f1-model_v2,10.0,PROA1660S,1660,A,1660,PRO,SER,2.82029,unknown,,1.0
AF,af-q99466-f1-model_v2,10.0,GLYA1701R,1701,A,1701,GLY,ARG,3.6214,unknown,,1.0
AF,af-q99466-f1-model_v2,10.0,GLYA1728R,1728,A,1728,GLY,ARG,-1.05332,unknown,,1.0
AF,af-q99466-f1-model_v2,10.0,GLYA1734E,1734,A,1734,GLY,GLU,5.67111,unknown,,1.0
AF,af-q99466-f1-model_v2,10.0,ASPA1761N,1761,A,1761,ASP,ASN,-0.0679015,unknown,,1.0
AF,af-q99466-f1-model_v2,10.0,ALAA1775T,1775,A,1775,ALA,THR,3.73387,unknown,,1.0
AF,af-q99466-f1-model_v2,10.0,GLUA1777Q,1777,A,1777,GLU,GLN,0.231169,unknown,,1.0
AF,af-q99466-f1-model_v2,10.0,LEUA1795R,1795,A,1795,LEU,ARG,-0.0726299,unknown,,1.0
AF,af-q99466-f1-model_v2,10.0,ASPA1797N,1797,A,1797,ASP,ASN,0.79578,unknown,,1.0
AF,af-q99466-f1-model_v2,10.0,GLYA1821K,1821,A,1821,GLY,LYS,3.07213,unknown,,1.0
AF,af-q99466-f1-model_v2,10.0,GLYA1821E,1821,A,1821,GLY,GLU,2.42644,unknown,,1.0
AF,af-q99466-f1-model_v2,10.0,PROA1824L,1824,A,1824,PRO,LEU,0.738736,unknown,,1.0
AF,af-q99466-f1-model_v2,10.0,PROA1833S,1833,A,1833,PRO,SER,0.652314,unknown,,1.0
AF,af-q99466-f1-model_v2,10.0,GLYA1834S,1834,A,1834,GLY,SER,0.282425,unknown,,1.0
AF,af-q99466-f1-model_v2,10.0,GLUA1836K,1836,A,1836,GLU,LYS,0.517998,unknown,,1.0
AF,af-q99466-f1-model_v2,10.0,ARGA1844Q,1844,A,1844,ARG,GLN,0.546748,unknown,,1.0
AF,af-q99466-f1-model_v2,10.0,GLYA1854E,1854,A,1854,GLY,GLU,2.85528,unknown,,1.0
AF,af-q99466-f1-model_v2,10.0,ALAA1857T,1857,A,1857,ALA,THR,0.194754,unknown,,1.0
AF,af-q99466-f1-model_v2,10.0,ALAA1866V,1866,A,1866,ALA,VAL,1.82646,unknown,,1.0
AF,af-q99466-f1-model_v2,10.0,PROA1870L,1870,A,1870,PRO,LEU,-1.85927,unknown,,1.0
AF,af-q99466-f1-model_v2,10.0,GLYA1872E,1872,A,1872,GLY,GLU,1.92481,unknown,,1.0
AF,af-q99466-f1-model_v2,10.0,GLYA1874A,1874,A,1874,GLY,ALA,2.19039,unknown,,1.0
AF,af-q99466-f1-model_v2,10.0,SERA1883F,1883,A,1883,SER,PHE,-0.214924,unknown,,1.0
AF,af-q99466-f1-model_v2,10.0,GLYA1890E,1890,A,1890,GLY,GLU,0.48314,unknown,,1.0
AF,af-q99466-f1-model_v2,10.0,GLYA1890A,1890,A,1890,GLY,ALA,1.84368,unknown,,1.0
AF,af-q99466-f1-model_v2,10.0,GLYA1892E,1892,A,1892,GLY,GLU,1.19227,unknown,,1.0
AF,af-q99466-f1-model_v2,10.0,HISA1896Y,1896,A,1896,HIS,TYR,-1.93275,unknown,,1.0
AF,af-q99466-f1-model_v2,10.0,SERA1901L,1901,A,1901,SER,LEU,-0.613744,unknown,,1.0
AF,af-q99466-f1-model_v2,10.0,GLYA1906E,1906,A,1906,GLY,GLU,2.76222,unknown,,1.0
AF,af-q99466-f1-model_v2,10.0,PROA1909L,1909,A,1909,PRO,LEU,-0.0198304,unknown,,1.0
AF,af-q99466-f1-model_v2,10.0,ASNA1926S,1926,A,1926,ASN,SER,0.0903929,unknown,,1.0
AF,af-q99466-f1-model_v2,10.0,GLYA1941E,1941,A,1941,GLY,GLU,-0.871854,unknown,,1.0
AF,af-q99466-f1-model_v2,10.0,ASPA1947N,1947,A,1947,ASP,ASN,-0.0364118,unknown,,1.0
AF,af-q99466-f1-model_v2,10.0,GLYA1957V,1957,A,1957,GLY,VAL,5.1988,unknown,,1.0
AF,af-q99466-f1-model_v2,10.0,GLYA1957E,1957,A,1957,GLY,GLU,4.24984,unknown,,1.0
AF,af-q99466-f1-model_v2,10.0,GLYA1957R,1957,A,1957,GLY,ARG,2.79606,unknown,,1.0
AF,af-q99466-f1-model_v2,10.0,GLYA1960C,1960,A,1960,GLY,CYS,1.57031,unknown,,1.0
AF,af-q99466-f1-model_v2,10.0,SERA1963F,1963,A,1963,SER,PHE,-0.439215,unknown,,1.0
AF,af-q99466-f1-model_v2,10.0,PROA1966L,1966,A,1966,PRO,LEU,1.7996,unknown,,1.0
AF,af-q99466-f1-model_v2,10.0,PROA1970S,1970,A,1970,PRO,SER,-1.74614,unknown,,1.0
AF,af-q99466-f1-model_v2,10.0,GLYA1979R,1979,A,1979,GLY,ARG,3.06844,unknown,,1.0
AF,af-q99466-f1-model_v2,10.0,ASPA1984N,1984,A,1984,ASP,ASN,0.0950406,unknown,,1.0
AF,af-q99466-f1-model_v2,10.0,LEUA1990R,1990,A,1990,LEU,ARG,-0.056827,unknown,,1.0
AF,af-q99466-f1-model_v2,10.0,META1993T,1993,A,1993,MET,THR,1.8335,unknown,,1.0
AF,af-q99466-f1-model_v2,10.0,META1993I,1993,A,1993,MET,ILE,0.724477,unknown,,1.0
AF,af-q99466-f1-model_v2,10.0,GLYA1998K,1998,A,1998,GLY,LYS,-0.360882,unknown,,1.0
SMHOM,smhom_5uk5_1_a_317_511,48.7,PROA323L,323,A,323,PRO,LEU,0.896905,,,0.0974
SMHOM,smhom_5uk5_1_a_317_511,48.7,GLYA329R,329,A,329,GLY,ARG,0.846017,,,0.0974
SMHOM,smhom_5uk5_1_a_317_511,48.7,GLYA329E,329,A,329,GLY,GLU,1.18419,,,0.0974
SMHOM,smhom_5uk5_1_a_317_511,48.7,HISA340L,340,A,340,HIS,LEU,-0.813203,,,0.0974
SMHOM,smhom_5uk5_1_a_317_511,48.7,ASPA357N,357,A,357,ASP,ASN,0.064396,,,0.0974
SMHOM,smhom_5uk5_1_a_317_511,48.7,ARGA373W,373,A,373,ARG,TRP,1.26309,,,0.0974
SMHOM,smhom_5uk5_1_a_317_511,48.7,GLYA375S,375,A,375,GLY,SER,1.8686,,,0.0974
SMHOM,smhom_5uk5_1_a_317_511,48.7,SERA376F,376,A,376,SER,PHE,-0.224454,,,0.0974
SMHOM,smhom_5uk5_1_a_317_511,48.7,PROA382L,382,A,382,PRO,LEU,1.63697,,,0.0974
SMHOM,smhom_5uk5_1_a_317_511,48.7,PROA400S,400,A,400,PRO,SER,2.65638,,,0.0974
SMHOM,smhom_5uk5_1_a_317_511,48.7,GLNA406H,406,A,406,GLN,HIS,0.580608,,,0.0974
SMHOM,smhom_5uk5_1_a_317_511,48.7,GLNA406R,406,A,406,GLN,ARG,-0.176173,,,0.0974
SMHOM,smhom_5uk5_1_a_317_511,48.7,GLYA414S,414,A,414,GLY,SER,7.46133,,,0.0974
SMHOM,smhom_5uk5_1_a_317_511,48.7,SERA425L,425,A,425,SER,LEU,-0.25253,,,0.0974
SMHOM,smhom_5uk5_1_a_317_511,48.7,GLYA426R,426,A,426,GLY,ARG,3.29192,,,0.0974
SMHOM,smhom_5uk5_1_a_317_511,48.7,CYSA436S,436,A,436,CYS,SER,2.69245,,,0.0974
SMHOM,smhom_5uk5_1_a_317_511,48.7,PROA445L,445,A,445,PRO,LEU,1.00748,,,0.0974
SMHOM,smhom_5uk5_1_a_317_511,48.7,SERA451F,451,A,451,SER,PHE,-0.829696,,,0.0974
SMHOM,smhom_5uk5_1_a_317_511,48.7,CYSA452Y,452,A,452,CYS,TYR,4.57546,,,0.0974
SMHOM,smhom_5uk5_1_a_317_511,48.7,SERA458F,458,A,458,SER,PHE,1.45231,,,0.0974
SMHOM,smhom_5uk5_1_a_317_511,48.7,GLUA478K,478,A,478,GLU,LYS,-0.418541,,,0.0974
SMHOM,smhom_5uk5_1_a_317_511,48.7,PROA486S,486,A,486,PRO,SER,0.346502,,,0.0974
SMHOM,smhom_5uk5_1_a_317_511,48.7,ASPA492N,492,A,492,ASP,ASN,0.0101523,,,0.0974
SMHOM,smhom_5uk5_1_a_317_511,48.7,LEUA494F,494,A,494,LEU,PHE,-0.249168,,,0.0974
SMHOM,smhom_5uk5_1_a_317_511,48.7,ALAA495S,495,A,495,ALA,SER,1.11196,,,0.0974
SMHOM,smhom_5uk5_1_a_317_511,48.7,PROA503S,503,A,503,PRO,SER,1.382,,,0.0974
SMHOM,smhom_5uk5_1_a_317_511,48.7,GLYA504D,504,A,504,GLY,ASP,3.7421,,,0.0974
SMHOM,smhom_6mok_1_a_1603_1851,62.15,ALAA1608T,1608,A,1608,ALA,THR,1.21386,,,0.1243
SMHOM,smhom_6mok_1_a_1603_1851,62.15,TRPA1609L,1609,A,1609,TRP,LEU,-0.400407,,,0.1243
SMHOM,smhom_6mok_1_a_1603_1851,62.15,GLYA1611R,1611,A,1611,GLY,ARG,6.68913,,,0.1243
SMHOM,smhom_6mok_1_a_1603_1851,62.15,GLYA1611E,1611,A,1611,GLY,GLU,5.67217,,,0.1243
SMHOM,smhom_6mok_1_a_1603_1851,62.15,GLYA1611K,1611,A,1611,GLY,LYS,6.75501,,,0.1243
SMHOM,smhom_6mok_1_a_1603_1851,62.15,PROA1613S,1613,A,1613,PRO,SER,1.49208,,,0.1243
SMHOM,smhom_6mok_1_a_1603_1851,62.15,PROA1626L,1626,A,1626,PRO,LEU,1.25113,,,0.1243
SMHOM,smhom_6mok_1_a_1603_1851,62.15,GLYA1634E,1634,A,1634,GLY,GLU,3.6163,,,0.1243
SMHOM,smhom_6mok_1_a_1603_1851,62.15,PROA1637L,1637,A,1637,PRO,LEU,4.74826,,,0.1243
SMHOM,smhom_6mok_1_a_1603_1851,62.15,ALAA1641T,1641,A,1641,ALA,THR,0.19096,,,0.1243
SMHOM,smhom_6mok_1_a_1603_1851,62.15,SERA1645F,1645,A,1645,SER,PHE,0.205642,,,0.1243
SMHOM,smhom_6mok_1_a_1603_1851,62.15,PROA1660S,1660,A,1660,PRO,SER,2.9652,,,0.1243
SMHOM,smhom_6mok_1_a_1603_1851,62.15,GLYA1701R,1701,A,1701,GLY,ARG,3.67753,,,0.1243
SMHOM,smhom_6mok_1_a_1603_1851,62.15,GLYA1728R,1728,A,1728,GLY,ARG,-1.5864,,,0.1243
SMHOM,smhom_6mok_1_a_1603_1851,62.15,GLYA1734E,1734,A,1734,GLY,GLU,0.83988,,,0.1243
SMHOM,smhom_6mok_1_a_1603_1851,62.15,ASPA1761N,1761,A,1761,ASP,ASN,-0.434912,,,0.1243
SMHOM,smhom_6mok_1_a_1603_1851,62.15,ALAA1775T,1775,A,1775,ALA,THR,0.836694,,,0.1243
SMHOM,smhom_6mok_1_a_1603_1851,62.15,GLUA1777Q,1777,A,1777,GLU,GLN,-0.858294,,,0.1243
SMHOM,smhom_6mok_1_a_1603_1851,62.15,LEUA1795R,1795,A,1795,LEU,ARG,-0.0860112,,,0.1243
SMHOM,smhom_6mok_1_a_1603_1851,62.15,ASPA1797N,1797,A,1797,ASP,ASN,0.30618,,,0.1243
SMHOM,smhom_6mok_1_a_1603_1851,62.15,GLYA1821K,1821,A,1821,GLY,LYS,-0.369525,,,0.1243
SMHOM,smhom_6mok_1_a_1603_1851,62.15,GLYA1821E,1821,A,1821,GLY,GLU,0.136726,,,0.1243
SMHOM,smhom_6mok_1_a_1603_1851,62.15,PROA1824L,1824,A,1824,PRO,LEU,3.34465,,,0.1243
SMHOM,smhom_6mok_1_a_1603_1851,62.15,PROA1833S,1833,A,1833,PRO,SER,2.81223,,,0.1243
SMHOM,smhom_6mok_1_a_1603_1851,62.15,GLYA1834S,1834,A,1834,GLY,SER,-0.197846,,,0.1243
SMHOM,smhom_6mok_1_a_1603_1851,62.15,GLUA1836K,1836,A,1836,GLU,LYS,-0.935604,,,0.1243
SMHOM,smhom_6mok_1_a_1603_1851,62.15,ARGA1844Q,1844,A,1844,ARG,GLN,0.0438224,,,0.1243
SMHOM,smhom_5czv_1_a_1177_1435,64.65,GLYA1177E,1177,A,1177,GLY,GLU,0.75076,,,0.1293
SMHOM,smhom_5czv_1_a_1177_1435,64.65,GLYA1177R,1177,A,1177,GLY,ARG,-1.03467,,,0.1293
SMHOM,smhom_5czv_1_a_1177_1435,64.65,ASPA1184N,1184,A,1184,ASP,ASN,-0.487869,,,0.1293
SMHOM,smhom_5czv_1_a_1177_1435,64.65,ALAA1189T,1189,A,1189,ALA,THR,0.39188,,,0.1293
SMHOM,smhom_5czv_1_a_1177_1435,64.65,PROA1194S,1194,A,1194,PRO,SER,2.94395,,,0.1293
SMHOM,smhom_5czv_1_a_1177_1435,64.65,PROA1194L,1194,A,1194,PRO,LEU,3.96929,,,0.1293
SMHOM,smhom_5czv_1_a_1177_1435,64.65,GLYA1195E,1195,A,1195,GLY,GLU,-0.582525,,,0.1293
SMHOM,smhom_5czv_1_a_1177_1435,64.65,GLYA1195R,1195,A,1195,GLY,ARG,-0.739571,,,0.1293
SMHOM,smhom_5czv_1_a_1177_1435,64.65,GLYA1196R,1196,A,1196,GLY,ARG,-0.141112,,,0.1293
SMHOM,smhom_5czv_1_a_1177_1435,64.65,ASPA1199E,1199,A,1199,ASP,GLU,2.36764,,,0.1293
SMHOM,smhom_5czv_1_a_1177_1435,64.65,ASPA1199N,1199,A,1199,ASP,ASN,-2.28367,,,0.1293
SMHOM,smhom_5czv_1_a_1177_1435,64.65,ASPA1202Y,1202,A,1202,ASP,TYR,25.5174,,,0.1293
SMHOM,smhom_5czv_1_a_1177_1435,64.65,GLYA1206R,1206,A,1206,GLY,ARG,3.87146,,,0.1293
SMHOM,smhom_5czv_1_a_1177_1435,64.65,GLYA1206I,1206,A,1206,GLY,ILE,6.26568,,,0.1293
SMHOM,smhom_5czv_1_a_1177_1435,64.65,PROA1210S,1210,A,1210,PRO,SER,4.86391,,,0.1293
SMHOM,smhom_5czv_1_a_1177_1435,64.65,PROA1215L,1215,A,1215,PRO,LEU,1.70312,,,0.1293
SMHOM,smhom_5czv_1_a_1177_1435,64.65,PROA1215S,1215,A,1215,PRO,SER,1.54256,,,0.1293
SMHOM,smhom_5czv_1_a_1177_1435,64.65,SERA1216F,1216,A,1216,SER,PHE,0.721915,,,0.1293
SMHOM,smhom_5czv_1_a_1177_1435,64.65,ARGA1219Q,1219,A,1219,ARG,GLN,0.832411,,,0.1293
SMHOM,smhom_5czv_1_a_1177_1435,64.65,ARGA1219W,1219,A,1219,ARG,TRP,0.381788,,,0.1293
SMHOM,smhom_5czv_1_a_1177_1435,64.65,LEUA1223F,1223,A,1223,LEU,PHE,-0.38985,,,0.1293
SMHOM,smhom_5czv_1_a_1177_1435,64.65,PHEA1224C,1224,A,1224,PHE,CYS,3.33863,,,0.1293
SMHOM,smhom_5czv_1_a_1177_1435,64.65,ARGA1225W,1225,A,1225,ARG,TRP,1.84037,,,0.1293
SMHOM,smhom_5czv_1_a_1177_1435,64.65,GLYA1227R,1227,A,1227,GLY,ARG,1.86395,,,0.1293
SMHOM,smhom_5czv_1_a_1177_1435,64.65,GLYA1227E,1227,A,1227,GLY,GLU,2.64463,,,0.1293
SMHOM,smhom_5czv_1_a_1177_1435,64.65,PROA1231S,1231,A,1231,PRO,SER,1.66564,,,0.1293
SMHOM,smhom_5czv_1_a_1177_1435,64.65,PROA1231L,1231,A,1231,PRO,LEU,1.31078,,,0.1293
SMHOM,smhom_5czv_1_a_1177_1435,64.65,ASPA1244N,1244,A,1244,ASP,ASN,-0.492924,,,0.1293
SMHOM,smhom_5czv_1_a_1177_1435,64.65,PROA1249S,1249,A,1249,PRO,SER,0.412988,,,0.1293
SMHOM,smhom_5czv_1_a_1177_1435,64.65,PROA1253L,1253,A,1253,PRO,LEU,1.27609,,,0.1293
SMHOM,smhom_5czv_1_a_1177_1435,64.65,ASPA1288N,1288,A,1288,ASP,ASN,0.672072,,,0.1293
SMHOM,smhom_5czv_1_a_1177_1435,64.65,PROA1295L,1295,A,1295,PRO,LEU,0.26049,,,0.1293
SMHOM,smhom_5czv_1_a_1177_1435,64.65,PROA1295S,1295,A,1295,PRO,SER,1.12106,,,0.1293
SMHOM,smhom_5czv_1_a_1177_1435,64.65,ALAA1298T,1298,A,1298,ALA,THR,-0.209573,,,0.1293
SMHOM,smhom_5czv_1_a_1177_1435,64.65,VALA1301M,1301,A,1301,VAL,MET,-1.94297,,,0.1293
SMHOM,smhom_5czv_1_a_1177_1435,64.65,VALA1302I,1302,A,1302,VAL,ILE,-1.22028,,,0.1293
SMHOM,smhom_5czv_1_a_1177_1435,64.65,PROA1305L,1305,A,1305,PRO,LEU,1.5677,,,0.1293
SMHOM,smhom_5czv_1_a_1177_1435,64.65,ALAA1307V,1307,A,1307,ALA,VAL,0.597603,,,0.1293
SMHOM,smhom_5czv_1_a_1177_1435,64.65,VALA1318M,1318,A,1318,VAL,MET,-1.50502,,,0.1293
SMHOM,smhom_5czv_1_a_1177_1435,64.65,ARGA1330K,1330,A,1330,ARG,LYS,0.395405,,,0.1293
SMHOM,smhom_5czv_1_a_1177_1435,64.65,ASPA1337V,1337,A,1337,ASP,VAL,-2.02158,,,0.1293
SMHOM,smhom_5czv_1_a_1177_1435,64.65,PROA1343L,1343,A,1343,PRO,LEU,2.06267,,,0.1293
SMHOM,smhom_5czv_1_a_1177_1435,64.65,GLUA1348K,1348,A,1348,GLU,LYS,-1.05373,,,0.1293
SMHOM,smhom_5czv_1_a_1177_1435,64.65,ARGA1355W,1355,A,1355,ARG,TRP,3.35489,,,0.1293
SMHOM,smhom_5czv_1_a_1177_1435,64.65,ARGA1355Q,1355,A,1355,ARG,GLN,1.5517,,,0.1293
SMHOM,smhom_5czv_1_a_1177_1435,64.65,ARGA1362K,1362,A,1362,ARG,LYS,-0.0191767,,,0.1293
SMHOM,smhom_5czv_1_a_1177_1435,64.65,SERA1376F,1376,A,1376,SER,PHE,-0.78775,,,0.1293
SMHOM,smhom_5czv_1_a_1177_1435,64.65,LEUA1377F,1377,A,1377,LEU,PHE,0.276681,,,0.1293
SMHOM,smhom_5czv_1_a_1177_1435,64.65,ASPA1388N,1388,A,1388,ASP,ASN,0.666594,,,0.1293
SMHOM,smhom_5czv_1_a_1177_1435,64.65,ASPA1395N,1395,A,1395,ASP,ASN,-0.286642,,,0.1293
SMHOM,smhom_5czv_1_a_1177_1435,64.65,HISA1396L,1396,A,1396,HIS,LEU,-0.231963,,,0.1293
SMHOM,smhom_5czv_1_a_1177_1435,64.65,ARGA1400C,1400,A,1400,ARG,CYS,0.537307,,,0.1293
SMHOM,smhom_5czv_1_a_1177_1435,64.65,PROA1402L,1402,A,1402,PRO,LEU,0.0943206,,,0.1293
SMHOM,smhom_5czv_1_a_1177_1435,64.65,ASPA1404N,1404,A,1404,ASP,ASN,1.08717,,,0.1293
SMHOM,smhom_5czv_1_a_1177_1435,64.65,PROA1405L,1405,A,1405,PRO,LEU,7.92974,,,0.1293
SMHOM,smhom_5czv_1_a_1177_1435,64.65,GLYA1406R,1406,A,1406,GLY,ARG,-0.332057,,,0.1293
SMHOM,smhom_5czv_1_a_1177_1435,64.65,LEUA1407F,1407,A,1407,LEU,PHE,0.500305,,,0.1293
SMHOM,smhom_5czv_1_a_1177_1435,64.65,ARGA1410P,1410,A,1410,ARG,PRO,5.80464,,,0.1293
SMHOM,smhom_5czv_1_a_1177_1435,64.65,GLUA1422K,1422,A,1422,GLU,LYS,-1.34145,,,0.1293
SMHOM,smhom_5czv_1_a_1177_1435,64.65,PROA1426S,1426,A,1426,PRO,SER,1.31248,,,0.1293
SMHOM,smhom_5czv_1_a_1177_1435,64.65,PROA1426L,1426,A,1426,PRO,LEU,1.03089,,,0.1293
SMHOM,smhom_5czv_1_a_1177_1435,64.65,GLYA1427E,1427,A,1427,GLY,GLU,-0.383734,,,0.1293
SMHOM,smhom_5czv_1_a_1177_1435,64.65,PROA1428S,1428,A,1428,PRO,SER,2.1473,,,0.1293
SMHOM,smhom_6py8_1_e_1477_1820,85.85,GLUE1477K,1477,E,1477,GLU,LYS,0.0114237,,,0.1717
SMHOM,smhom_6py8_1_e_1477_1820,85.85,GLYE1479R,1479,E,1479,GLY,ARG,2.5942,,,0.1717
SMHOM,smhom_6py8_1_e_1477_1820,85.85,GLYE1479E,1479,E,1479,GLY,GLU,2.62866,,,0.1717
SMHOM,smhom_6py8_1_e_1477_1820,85.85,PROE1485S,1485,E,1485,PRO,SER,1.70001,,,0.1717
SMHOM,smhom_6py8_1_e_1477_1820,85.85,ARGE1492W,1492,E,1492,ARG,TRP,2.5852,,,0.1717
SMHOM,smhom_6py8_1_e_1477_1820,85.85,SERE1495L,1495,E,1495,SER,LEU,-0.482386,,,0.1717
SMHOM,smhom_6py8_1_e_1477_1820,85.85,PROE1497S,1497,E,1497,PRO,SER,1.33976,,,0.1717
SMHOM,smhom_6py8_1_e_1477_1820,85.85,PROE1497L,1497,E,1497,PRO,LEU,1.02118,,,0.1717
SMHOM,smhom_6py8_1_e_1477_1820,85.85,PROE1502L,1502,E,1502,PRO,LEU,0.780497,,,0.1717
SMHOM,smhom_6py8_1_e_1477_1820,85.85,PROE1503S,1503,E,1503,PRO,SER,1.748,,,0.1717
SMHOM,smhom_6py8_1_e_1477_1820,85.85,ALAE1518T,1518,E,1518,ALA,THR,1.58546,,,0.1717
SMHOM,smhom_6py8_1_e_1477_1820,85.85,PROE1531S,1531,E,1531,PRO,SER,1.86383,,,0.1717
SMHOM,smhom_6py8_1_e_1477_1820,85.85,PROE1562L,1562,E,1562,PRO,LEU,0.441188,,,0.1717
SMHOM,smhom_6py8_1_e_1477_1820,85.85,PROE1562S,1562,E,1562,PRO,SER,1.44742,,,0.1717
SMHOM,smhom_6py8_1_e_1477_1820,85.85,PROE1569F,1569,E,1569,PRO,PHE,2.02839,,,0.1717
SMHOM,smhom_6py8_1_e_1477_1820,85.85,PROE1569S,1569,E,1569,PRO,SER,1.56506,,,0.1717
SMHOM,smhom_6py8_1_e_1477_1820,85.85,GLUE1576K,1576,E,1576,GLU,LYS,0.0905321,,,0.1717
SMHOM,smhom_6py8_1_e_1477_1820,85.85,PROE1578S,1578,E,1578,PRO,SER,-0.0322191,,,0.1717
SMHOM,smhom_6py8_1_e_1477_1820,85.85,ASPE1586N,1586,E,1586,ASP,ASN,0.511349,,,0.1717
SMHOM,smhom_6py8_1_e_1477_1820,85.85,GLYE1587R,1587,E,1587,GLY,ARG,6.25752,,,0.1717
SMHOM,smhom_6py8_1_e_1477_1820,85.85,SERE1593T,1593,E,1593,SER,THR,0.482675,,,0.1717
SMHOM,smhom_6py8_1_e_1477_1820,85.85,ALAE1608T,1608,E,1608,ALA,THR,0.473205,,,0.1717
SMHOM,smhom_6py8_1_e_1477_1820,85.85,TRPE1609L,1609,E,1609,TRP,LEU,0.287398,,,0.1717
SMHOM,smhom_6py8_1_e_1477_1820,85.85,GLYE1611R,1611,E,1611,GLY,ARG,-2.02546,,,0.1717
SMHOM,smhom_6py8_1_e_1477_1820,85.85,GLYE1611E,1611,E,1611,GLY,GLU,0.307518,,,0.1717
SMHOM,smhom_6py8_1_e_1477_1820,85.85,GLYE1611K,1611,E,1611,GLY,LYS,-1.06587,,,0.1717
SMHOM,smhom_6py8_1_e_1477_1820,85.85,PROE1613S,1613,E,1613,PRO,SER,3.61329,,,0.1717
SMHOM,smhom_6py8_1_e_1477_1820,85.85,PROE1626L,1626,E,1626,PRO,LEU,-1.33474,,,0.1717
SMHOM,smhom_6py8_1_e_1477_1820,85.85,GLYE1634E,1634,E,1634,GLY,GLU,10.9774,,,0.1717
SMHOM,smhom_6py8_1_e_1477_1820,85.85,PROE1637L,1637,E,1637,PRO,LEU,4.86413,,,0.1717
SMHOM,smhom_6py8_1_e_1477_1820,85.85,ALAE1641T,1641,E,1641,ALA,THR,4.37591,,,0.1717
SMHOM,smhom_6py8_1_e_1477_1820,85.85,SERE1645F,1645,E,1645,SER,PHE,3.88759,,,0.1717
SMHOM,smhom_6py8_1_e_1477_1820,85.85,PROE1660S,1660,E,1660,PRO,SER,1.54038,,,0.1717
SMHOM,smhom_6py8_1_e_1477_1820,85.85,GLYE1701R,1701,E,1701,GLY,ARG,4.81878,,,0.1717
SMHOM,smhom_6py8_1_e_1477_1820,85.85,GLYE1728R,1728,E,1728,GLY,ARG,-1.41139,,,0.1717
SMHOM,smhom_6py8_1_e_1477_1820,85.85,GLYE1734E,1734,E,1734,GLY,GLU,5.49729,,,0.1717
SMHOM,smhom_6py8_1_e_1477_1820,85.85,ASPE1761N,1761,E,1761,ASP,ASN,-0.383558,,,0.1717
SMHOM,smhom_6py8_1_e_1477_1820,85.85,ALAE1775T,1775,E,1775,ALA,THR,0.871738,,,0.1717
SMHOM,smhom_6py8_1_e_1477_1820,85.85,GLUE1777Q,1777,E,1777,GLU,GLN,-0.505919,,,0.1717
SMHOM,smhom_6py8_1_e_1477_1820,85.85,LEUE1795R,1795,E,1795,LEU,ARG,0.707995,,,0.1717
SMHOM,smhom_6py8_1_e_1477_1820,85.85,ASPE1797N,1797,E,1797,ASP,ASN,0.996352,,,0.1717
SMHOM,smhom_4xbm_2_a_300_512,53.15,THRA305I,305,A,305,THR,ILE,4.65637,,,0.1063
SMHOM,smhom_4xbm_2_a_300_512,53.15,SERA312F,312,A,312,SER,PHE,1.07349,,,0.1063
SMHOM,smhom_4xbm_2_a_300_512,53.15,PROA323L,323,A,323,PRO,LEU,1.02387,,,0.1063
SMHOM,smhom_4xbm_2_a_300_512,53.15,GLYA329R,329,A,329,GLY,ARG,14.1991,,,0.1063
SMHOM,smhom_4xbm_2_a_300_512,53.15,GLYA329E,329,A,329,GLY,GLU,15.0858,,,0.1063
SMHOM,smhom_4xbm_2_a_300_512,53.15,HISA340L,340,A,340,HIS,LEU,-0.148982,,,0.1063
SMHOM,smhom_4xbm_2_a_300_512,53.15,ASPA357N,357,A,357,ASP,ASN,-0.467767,,,0.1063
SMHOM,smhom_4xbm_2_a_300_512,53.15,ARGA373W,373,A,373,ARG,TRP,0.351882,,,0.1063
SMHOM,smhom_4xbm_2_a_300_512,53.15,GLYA375S,375,A,375,GLY,SER,5.97221,,,0.1063
SMHOM,smhom_4xbm_2_a_300_512,53.15,SERA376F,376,A,376,SER,PHE,-0.489227,,,0.1063
SMHOM,smhom_4xbm_2_a_300_512,53.15,PROA382L,382,A,382,PRO,LEU,1.98874,,,0.1063
SMHOM,smhom_4xbm_2_a_300_512,53.15,PROA400S,400,A,400,PRO,SER,2.44268,,,0.1063
SMHOM,smhom_4xbm_2_a_300_512,53.15,GLNA406H,406,A,406,GLN,HIS,0.331809,,,0.1063
SMHOM,smhom_4xbm_2_a_300_512,53.15,GLNA406R,406,A,406,GLN,ARG,-0.281809,,,0.1063
SMHOM,smhom_4xbm_2_a_300_512,53.15,GLYA414S,414,A,414,GLY,SER,3.97536,,,0.1063
SMHOM,smhom_4xbm_2_a_300_512,53.15,SERA425L,425,A,425,SER,LEU,-1.21725,,,0.1063
SMHOM,smhom_4xbm_2_a_300_512,53.15,GLYA426R,426,A,426,GLY,ARG,4.86546,,,0.1063
SMHOM,smhom_4xbm_2_a_300_512,53.15,CYSA436S,436,A,436,CYS,SER,3.47099,,,0.1063
SMHOM,smhom_4xbm_2_a_300_512,53.15,PROA445L,445,A,445,PRO,LEU,1.75146,,,0.1063
SMHOM,smhom_4xbm_2_a_300_512,53.15,SERA451F,451,A,451,SER,PHE,-1.29103,,,0.1063
SMHOM,smhom_4xbm_2_a_300_512,53.15,CYSA452Y,452,A,452,CYS,TYR,6.21453,,,0.1063
SMHOM,smhom_4xbm_2_a_300_512,53.15,SERA458F,458,A,458,SER,PHE,6.48058,,,0.1063
SMHOM,smhom_4xbm_2_a_300_512,53.15,GLUA478K,478,A,478,GLU,LYS,-0.55425,,,0.1063
SMHOM,smhom_4xbm_2_a_300_512,53.15,PROA486S,486,A,486,PRO,SER,0.0672501,,,0.1063
SMHOM,smhom_4xbm_2_a_300_512,53.15,ASPA492N,492,A,492,ASP,ASN,0.318024,,,0.1063
SMHOM,smhom_4xbm_2_a_300_512,53.15,LEUA494F,494,A,494,LEU,PHE,-0.123054,,,0.1063
SMHOM,smhom_4xbm_2_a_300_512,53.15,ALAA495S,495,A,495,ALA,SER,-0.424078,,,0.1063
SMHOM,smhom_4xbm_2_a_300_512,53.15,PROA503S,503,A,503,PRO,SER,1.25978,,,0.1063
SMHOM,smhom_4xbm_2_a_300_512,53.15,GLYA504D,504,A,504,GLY,ASP,0.600881,,,0.1063
SMHOM,smhom_4xbm_2_a_340_550,52.65,HISA340L,340,A,340,HIS,LEU,0.150249,,,0.1053
SMHOM,smhom_4xbm_2_a_340_550,52.65,ASPA357N,357,A,357,ASP,ASN,0.445889,,,0.1053
SMHOM,smhom_4xbm_2_a_340_550,52.65,ARGA373W,373,A,373,ARG,TRP,0.427693,,,0.1053
SMHOM,smhom_4xbm_2_a_340_550,52.65,GLYA375S,375,A,375,GLY,SER,1.89098,,,0.1053
SMHOM,smhom_4xbm_2_a_340_550,52.65,SERA376F,376,A,376,SER,PHE,5.56403,,,0.1053
SMHOM,smhom_4xbm_2_a_340_550,52.65,PROA382L,382,A,382,PRO,LEU,1.93891,,,0.1053
SMHOM,smhom_4xbm_2_a_340_550,52.65,PROA400S,400,A,400,PRO,SER,2.1475,,,0.1053
SMHOM,smhom_4xbm_2_a_340_550,52.65,GLNA406H,406,A,406,GLN,HIS,0.596081,,,0.1053
SMHOM,smhom_4xbm_2_a_340_550,52.65,GLNA406R,406,A,406,GLN,ARG,-0.268341,,,0.1053
SMHOM,smhom_4xbm_2_a_340_550,52.65,GLYA414S,414,A,414,GLY,SER,7.91264,,,0.1053
SMHOM,smhom_4xbm_2_a_340_550,52.65,SERA425L,425,A,425,SER,LEU,1.09001,,,0.1053
SMHOM,smhom_4xbm_2_a_340_550,52.65,GLYA426R,426,A,426,GLY,ARG,3.41749,,,0.1053
SMHOM,smhom_4xbm_2_a_340_550,52.65,CYSA436S,436,A,436,CYS,SER,6.13946,,,0.1053
SMHOM,smhom_4xbm_2_a_340_550,52.65,PROA445L,445,A,445,PRO,LEU,0.504908,,,0.1053
SMHOM,smhom_4xbm_2_a_340_550,52.65,SERA451F,451,A,451,SER,PHE,-0.0511558,,,0.1053
SMHOM,smhom_4xbm_2_a_340_550,52.65,CYSA452Y,452,A,452,CYS,TYR,7.43586,,,0.1053
SMHOM,smhom_4xbm_2_a_340_550,52.65,SERA458F,458,A,458,SER,PHE,-0.191557,,,0.1053
SMHOM,smhom_4xbm_2_a_340_550,52.65,GLUA478K,478,A,478,GLU,LYS,-1.06906,,,0.1053
SMHOM,smhom_4xbm_2_a_340_550,52.65,PROA486S,486,A,486,PRO,SER,0.920986,,,0.1053
SMHOM,smhom_4xbm_2_a_340_550,52.65,ASPA492N,492,A,492,ASP,ASN,0.221656,,,0.1053
SMHOM,smhom_4xbm_2_a_340_550,52.65,LEUA494F,494,A,494,LEU,PHE,-0.141274,,,0.1053
SMHOM,smhom_4xbm_2_a_340_550,52.65,ALAA495S,495,A,495,ALA,SER,0.0971382,,,0.1053
SMHOM,smhom_4xbm_2_a_340_550,52.65,PROA503S,503,A,503,PRO,SER,1.27411,,,0.1053
SMHOM,smhom_4xbm_2_a_340_550,52.65,GLYA504D,504,A,504,GLY,ASP,-0.911332,,,0.1053
SMHOM,smhom_4xbm_2_a_340_550,52.65,GLUA513K,513,A,513,GLU,LYS,-0.658173,,,0.1053
SMHOM,smhom_4xbm_2_a_340_550,52.65,GLUA516Q,516,A,516,GLU,GLN,-0.260107,,,0.1053
SMHOM,smhom_4xbm_2_a_340_550,52.65,PROA521S,521,A,521,PRO,SER,3.05363,,,0.1053
SMHOM,smhom_4xbm_2_a_340_550,52.65,PROA521L,521,A,521,PRO,LEU,1.995,,,0.1053
SMHOM,smhom_4xbm_2_a_340_550,52.65,GLUA550K,550,A,550,GLU,LYS,-0.0676239,,,0.1053
SMHOM,smhom_4xbm_2_a_342_588,61.65,ASPA357N,357,A,357,ASP,ASN,3.4249,,,0.1233
SMHOM,smhom_4xbm_2_a_342_588,61.65,ARGA373W,373,A,373,ARG,TRP,0.433314,,,0.1233
SMHOM,smhom_4xbm_2_a_342_588,61.65,GLYA375S,375,A,375,GLY,SER,1.30683,,,0.1233
SMHOM,smhom_4xbm_2_a_342_588,61.65,SERA376F,376,A,376,SER,PHE,20.8028,,,0.1233
SMHOM,smhom_4xbm_2_a_342_588,61.65,PROA382L,382,A,382,PRO,LEU,1.70157,,,0.1233
SMHOM,smhom_4xbm_2_a_342_588,61.65,PROA400S,400,A,400,PRO,SER,1.07533,,,0.1233
SMHOM,smhom_4xbm_2_a_342_588,61.65,GLNA406H,406,A,406,GLN,HIS,0.381932,,,0.1233
SMHOM,smhom_4xbm_2_a_342_588,61.65,GLNA406R,406,A,406,GLN,ARG,-0.208609,,,0.1233
SMHOM,smhom_4xbm_2_a_342_588,61.65,GLYA414S,414,A,414,GLY,SER,3.91182,,,0.1233
SMHOM,smhom_4xbm_2_a_342_588,61.65,SERA425L,425,A,425,SER,LEU,0.268955,,,0.1233
SMHOM,smhom_4xbm_2_a_342_588,61.65,GLYA426R,426,A,426,GLY,ARG,4.97735,,,0.1233
SMHOM,smhom_4xbm_2_a_342_588,61.65,CYSA436S,436,A,436,CYS,SER,4.0252,,,0.1233
SMHOM,smhom_4xbm_2_a_342_588,61.65,PROA445L,445,A,445,PRO,LEU,3.62759,,,0.1233
SMHOM,smhom_4xbm_2_a_342_588,61.65,SERA451F,451,A,451,SER,PHE,-0.940865,,,0.1233
SMHOM,smhom_4xbm_2_a_342_588,61.65,CYSA452Y,452,A,452,CYS,TYR,4.60027,,,0.1233
SMHOM,smhom_4xbm_2_a_342_588,61.65,SERA458F,458,A,458,SER,PHE,-0.118572,,,0.1233
SMHOM,smhom_4xbm_2_a_342_588,61.65,GLUA478K,478,A,478,GLU,LYS,-0.284288,,,0.1233
SMHOM,smhom_4xbm_2_a_342_588,61.65,PROA486S,486,A,486,PRO,SER,1.73989,,,0.1233
SMHOM,smhom_4xbm_2_a_342_588,61.65,ASPA492N,492,A,492,ASP,ASN,1.32157,,,0.1233
SMHOM,smhom_4xbm_2_a_342_588,61.65,LEUA494F,494,A,494,LEU,PHE,0.0871002,,,0.1233
SMHOM,smhom_4xbm_2_a_342_588,61.65,ALAA495S,495,A,495,ALA,SER,0.33815,,,0.1233
SMHOM,smhom_4xbm_2_a_342_588,61.65,PROA503S,503,A,503,PRO,SER,1.27533,,,0.1233
SMHOM,smhom_4xbm_2_a_342_588,61.65,GLYA504D,504,A,504,GLY,ASP,0.364326,,,0.1233
SMHOM,smhom_4xbm_2_a_342_588,61.65,GLUA513K,513,A,513,GLU,LYS,-0.749467,,,0.1233
SMHOM,smhom_4xbm_2_a_342_588,61.65,GLUA516Q,516,A,516,GLU,GLN,-0.0723142,,,0.1233
SMHOM,smhom_4xbm_2_a_342_588,61.65,PROA521L,521,A,521,PRO,LEU,2.74913,,,0.1233
SMHOM,smhom_4xbm_2_a_342_588,61.65,PROA521S,521,A,521,PRO,SER,3.64924,,,0.1233
SMHOM,smhom_4xbm_2_a_342_588,61.65,GLUA550K,550,A,550,GLU,LYS,-1.30057,,,0.1233
SMHOM,smhom_4xbm_2_a_342_588,61.65,ASPA553E,553,A,553,ASP,GLU,0.436207,,,0.1233
SMHOM,smhom_4xbm_2_a_342_588,61.65,ASPA553N,553,A,553,ASP,ASN,-0.0268312,,,0.1233
SMHOM,smhom_4xbm_2_a_342_588,61.65,CYSA555Y,555,A,555,CYS,TYR,5.91647,,,0.1233
SMHOM,smhom_4xbm_2_a_342_588,61.65,SERA558F,558,A,558,SER,PHE,0.546141,,,0.1233
SMHOM,smhom_4xbm_2_a_342_588,61.65,PROA559S,559,A,559,PRO,SER,2.52254,,,0.1233
SMHOM,smhom_4xbm_2_a_342_588,61.65,HISA574Y,574,A,574,HIS,TYR,-0.668251,,,0.1233
SMHOM,smhom_4xbm_2_a_342_588,61.65,LEUA578F,578,A,578,LEU,PHE,0.000450982,,,0.1233
SMHOM,smhom_4xbm_2_a_342_588,61.65,GLYA583R,583,A,583,GLY,ARG,1.98841,,,0.1233
SMHOM,smhom_4xbm_2_a_103_275,43.2,PROA107S,107,A,107,PRO,SER,1.3621,,,0.0864
SMHOM,smhom_4xbm_2_a_103_275,43.2,PHEA109L,109,A,109,PHE,LEU,0.424462,,,0.0864
SMHOM,smhom_4xbm_2_a_103_275,43.2,GLUA119K,119,A,119,GLU,LYS,-0.257005,,,0.0864
SMHOM,smhom_4xbm_2_a_103_275,43.2,ASPA120N,120,A,120,ASP,ASN,-0.508915,,,0.0864
SMHOM,smhom_4xbm_2_a_103_275,43.2,PROA121F,121,A,121,PRO,PHE,1.4886,,,0.0864
SMHOM,smhom_4xbm_2_a_103_275,43.2,SERA125F,125,A,125,SER,PHE,0.206323,,,0.0864
SMHOM,smhom_4xbm_2_a_103_275,43.2,LYSA129Q,129,A,129,LYS,GLN,0.64838,,,0.0864
SMHOM,smhom_4xbm_2_a_103_275,43.2,ARGA132L,132,A,132,ARG,LEU,0.254076,,,0.0864
SMHOM,smhom_4xbm_2_a_103_275,43.2,HISA134Y,134,A,134,HIS,TYR,-0.68909,,,0.0864
SMHOM,smhom_4xbm_2_a_103_275,43.2,ARGA157Q,157,A,157,ARG,GLN,0.461695,,,0.0864
SMHOM,smhom_4xbm_2_a_103_275,43.2,ASPA158N,158,A,158,ASP,ASN,0.132457,,,0.0864
SMHOM,smhom_4xbm_2_a_103_275,43.2,SERA161L,161,A,161,SER,LEU,0.30416,,,0.0864
SMHOM,smhom_4xbm_2_a_103_275,43.2,PROA164L,164,A,164,PRO,LEU,0.50828,,,0.0864
SMHOM,smhom_4xbm_2_a_103_275,43.2,PROA164S,164,A,164,PRO,SER,1.71932,,,0.0864
SMHOM,smhom_4xbm_2_a_103_275,43.2,GLYA168R,168,A,168,GLY,ARG,1.60883,,,0.0864
SMHOM,smhom_4xbm_2_a_103_275,43.2,PROA184L,184,A,184,PRO,LEU,0.952206,,,0.0864
SMHOM,smhom_4xbm_2_a_103_275,43.2,HISA189Y,189,A,189,HIS,TYR,-0.15646,,,0.0864
SMHOM,smhom_4xbm_2_a_103_275,43.2,GLUA197V,197,A,197,GLU,VAL,-0.502047,,,0.0864
SMHOM,smhom_4xbm_2_a_103_275,43.2,GLUA197K,197,A,197,GLU,LYS,-1.35846,,,0.0864
SMHOM,smhom_4xbm_2_a_103_275,43.2,PROA202L,202,A,202,PRO,LEU,0.99241,,,0.0864
SMHOM,smhom_4xbm_2_a_103_275,43.2,GLYA208S,208,A,208,GLY,SER,2.4858,,,0.0864
SMHOM,smhom_4xbm_2_a_103_275,43.2,GLYA216S,216,A,216,GLY,SER,3.21281,,,0.0864
SMHOM,smhom_4xbm_2_a_103_275,43.2,ARGA234Q,234,A,234,ARG,GLN,0.620608,,,0.0864
SMHOM,smhom_4xbm_2_a_103_275,43.2,GLYA236R,236,A,236,GLY,ARG,-0.810394,,,0.0864
SMHOM,smhom_4xbm_2_a_103_275,43.2,PROA239F,239,A,239,PRO,PHE,2.25375,,,0.0864
SMHOM,smhom_4xbm_2_a_103_275,43.2,PROA240L,240,A,240,PRO,LEU,1.48574,,,0.0864
SMHOM,smhom_4xbm_2_a_103_275,43.2,PROA240S,240,A,240,PRO,SER,1.69221,,,0.0864
SMHOM,smhom_4xbm_2_a_103_275,43.2,GLYA246E,246,A,246,GLY,GLU,-0.140922,,,0.0864
SMHOM,smhom_4xbm_2_a_103_275,43.2,GLYA246R,246,A,246,GLY,ARG,-0.356052,,,0.0864
SMHOM,smhom_4xbm_2_a_103_275,43.2,GLYA246K,246,A,246,GLY,LYS,-0.417868,,,0.0864
SMHOM,smhom_4xbm_2_a_103_275,43.2,GLYA247S,247,A,247,GLY,SER,1.816,,,0.0864
SMHOM,smhom_4xbm_2_a_103_275,43.2,GLUA254K,254,A,254,GLU,LYS,0.0517015,,,0.0864
SMHOM,smhom_4xbm_2_a_103_275,43.2,HISA260Y,260,A,260,HIS,TYR,0.925905,,,0.0864
SMHOM,smhom_4xbm_2_a_103_275,43.2,LEUA261F,261,A,261,LEU,PHE,1.90271,,,0.0864
SMHOM,smhom_4xbm_2_a_103_275,43.2,PROA265S,265,A,265,PRO,SER,0.413216,,,0.0864
SMHOM,smhom_4xbm_2_a_103_275,43.2,PROA265L,265,A,265,PRO,LEU,-0.0979167,,,0.0864
SMHOM,smhom_4xbm_2_a_103_275,43.2,GLYA267S,267,A,267,GLY,SER,-0.041994,,,0.0864
SMHOM,smhom_4xbm_2_a_103_275,43.2,ASPA272Y,272,A,272,ASP,TYR,-1.28933,,,0.0864
SMHOM,smhom_4xbm_2_a_916_1086,42.7,HISA917Y,917,A,917,HIS,TYR,0.0676716,,,0.0854
SMHOM,smhom_4xbm_2_a_916_1086,42.7,GLYA921E,921,A,921,GLY,GLU,3.10394,,,0.0854
SMHOM,smhom_4xbm_2_a_916_1086,42.7,GLNA923R,923,A,923,GLN,ARG,-0.428183,,,0.0854
SMHOM,smhom_4xbm_2_a_916_1086,42.7,HISA930L,930,A,930,HIS,LEU,-1.11071,,,0.0854
SMHOM,smhom_4xbm_2_a_916_1086,42.7,VALA931M,931,A,931,VAL,MET,-0.028511,,,0.0854
SMHOM,smhom_4xbm_2_a_916_1086,42.7,PROA938L,938,A,938,PRO,LEU,0.861978,,,0.0854
SMHOM,smhom_4xbm_2_a_916_1086,42.7,ALAA943T,943,A,943,ALA,THR,5.66581,,,0.0854
SMHOM,smhom_4xbm_2_a_916_1086,42.7,PROA949L,949,A,949,PRO,LEU,1.16727,,,0.0854
SMHOM,smhom_4xbm_2_a_916_1086,42.7,ASPA961N,961,A,961,ASP,ASN,-0.136114,,,0.0854
SMHOM,smhom_4xbm_2_a_916_1086,42.7,SERA974F,974,A,974,SER,PHE,-0.292392,,,0.0854
SMHOM,smhom_4xbm_2_a_916_1086,42.7,PROA976S,976,A,976,PRO,SER,2.71399,,,0.0854
SMHOM,smhom_4xbm_2_a_916_1086,42.7,HISA978Q,978,A,978,HIS,GLN,-0.744582,,,0.0854
SMHOM,smhom_4xbm_2_a_916_1086,42.7,HISA980Y,980,A,980,HIS,TYR,-0.0335223,,,0.0854
SMHOM,smhom_4xbm_2_a_916_1086,42.7,THRA984S,984,A,984,THR,SER,0.164079,,,0.0854
SMHOM,smhom_4xbm_2_a_916_1086,42.7,PROA985L,985,A,985,PRO,LEU,0.8273,,,0.0854
SMHOM,smhom_4xbm_2_a_916_1086,42.7,GLYA988E,988,A,988,GLY,GLU,1.00188,,,0.0854
SMHOM,smhom_4xbm_2_a_916_1086,42.7,GLYA989R,989,A,989,GLY,ARG,0.745482,,,0.0854
SMHOM,smhom_4xbm_2_a_916_1086,42.7,HISA991Y,991,A,991,HIS,TYR,-0.619184,,,0.0854
SMHOM,smhom_4xbm_2_a_916_1086,42.7,ARGA1002C,1002,A,1002,ARG,CYS,1.23136,,,0.0854
SMHOM,smhom_4xbm_2_a_916_1086,42.7,ASPA1008E,1008,A,1008,ASP,GLU,-0.629055,,,0.0854
SMHOM,smhom_4xbm_2_a_916_1086,42.7,ASPA1012N,1012,A,1012,ASP,ASN,-0.0340525,,,0.0854
SMHOM,smhom_4xbm_2_a_916_1086,42.7,PROA1017F,1017,A,1017,PRO,PHE,-0.336978,,,0.0854
SMHOM,smhom_4xbm_2_a_916_1086,42.7,GLYA1019S,1019,A,1019,GLY,SER,5.10407,,,0.0854
SMHOM,smhom_4xbm_2_a_916_1086,42.7,GLUA1044K,1044,A,1044,GLU,LYS,-0.108262,,,0.0854
SMHOM,smhom_4xbm_2_a_916_1086,42.7,PROA1049S,1049,A,1049,PRO,SER,2.45974,,,0.0854
SMHOM,smhom_4xbm_2_a_916_1086,42.7,HISA1051Y,1051,A,1051,HIS,TYR,-0.114173,,,0.0854
SMHOM,smhom_4xbm_2_a_916_1086,42.7,PROA1054S,1054,A,1054,PRO,SER,2.01976,,,0.0854
SMHOM,smhom_4xbm_2_a_916_1086,42.7,HISA1057Y,1057,A,1057,HIS,TYR,1.71355,,,0.0854
SMHOM,smhom_4xbm_2_a_916_1086,42.7,GLYA1070N,1070,A,1070,GLY,ASN,0.0996802,,,0.0854
SMHOM,smhom_4xbm_2_a_916_1086,42.7,GLYA1078C,1078,A,1078,GLY,CYS,2.99722,,,0.0854
SMHOM,smhom_4xbm_2_a_134_354,55.15,HISA134Y,134,A,134,HIS,TYR,0.419229,,,0.1103
SMHOM,smhom_4xbm_2_a_134_354,55.15,ARGA157Q,157,A,157,ARG,GLN,0.253735,,,0.1103
SMHOM,smhom_4xbm_2_a_134_354,55.15,ASPA158N,158,A,158,ASP,ASN,0.0684738,,,0.1103
SMHOM,smhom_4xbm_2_a_134_354,55.15,SERA161L,161,A,161,SER,LEU,0.715192,,,0.1103
SMHOM,smhom_4xbm_2_a_134_354,55.15,PROA164L,164,A,164,PRO,LEU,1.13148,,,0.1103
SMHOM,smhom_4xbm_2_a_134_354,55.15,PROA164S,164,A,164,PRO,SER,0.900857,,,0.1103
SMHOM,smhom_4xbm_2_a_134_354,55.15,GLYA168R,168,A,168,GLY,ARG,-0.211471,,,0.1103
SMHOM,smhom_4xbm_2_a_134_354,55.15,PROA184L,184,A,184,PRO,LEU,1.36782,,,0.1103
SMHOM,smhom_4xbm_2_a_134_354,55.15,HISA189Y,189,A,189,HIS,TYR,-0.785062,,,0.1103
SMHOM,smhom_4xbm_2_a_134_354,55.15,GLUA197V,197,A,197,GLU,VAL,-0.922426,,,0.1103
SMHOM,smhom_4xbm_2_a_134_354,55.15,GLUA197K,197,A,197,GLU,LYS,-1.27723,,,0.1103
SMHOM,smhom_4xbm_2_a_134_354,55.15,PROA202L,202,A,202,PRO,LEU,0.341616,,,0.1103
SMHOM,smhom_4xbm_2_a_134_354,55.15,GLYA208S,208,A,208,GLY,SER,3.94572,,,0.1103
SMHOM,smhom_4xbm_2_a_134_354,55.15,GLYA216S,216,A,216,GLY,SER,7.58941,,,0.1103
SMHOM,smhom_4xbm_2_a_134_354,55.15,ARGA234Q,234,A,234,ARG,GLN,0.579477,,,0.1103
SMHOM,smhom_4xbm_2_a_134_354,55.15,GLYA236R,236,A,236,GLY,ARG,2.17355,,,0.1103
SMHOM,smhom_4xbm_2_a_134_354,55.15,PROA239F,239,A,239,PRO,PHE,1.58827,,,0.1103
SMHOM,smhom_4xbm_2_a_134_354,55.15,PROA240S,240,A,240,PRO,SER,-0.682089,,,0.1103
SMHOM,smhom_4xbm_2_a_134_354,55.15,PROA240L,240,A,240,PRO,LEU,-0.916191,,,0.1103
SMHOM,smhom_4xbm_2_a_134_354,55.15,GLYA246E,246,A,246,GLY,GLU,2.39148,,,0.1103
SMHOM,smhom_4xbm_2_a_134_354,55.15,GLYA246R,246,A,246,GLY,ARG,2.09994,,,0.1103
SMHOM,smhom_4xbm_2_a_134_354,55.15,GLYA246K,246,A,246,GLY,LYS,2.34317,,,0.1103
SMHOM,smhom_4xbm_2_a_134_354,55.15,GLYA247S,247,A,247,GLY,SER,0.263286,,,0.1103
SMHOM,smhom_4xbm_2_a_134_354,55.15,GLUA254K,254,A,254,GLU,LYS,0.0356261,,,0.1103
SMHOM,smhom_4xbm_2_a_134_354,55.15,HISA260Y,260,A,260,HIS,TYR,-0.507612,,,0.1103
SMHOM,smhom_4xbm_2_a_134_354,55.15,LEUA261F,261,A,261,LEU,PHE,-0.0227565,,,0.1103
SMHOM,smhom_4xbm_2_a_134_354,55.15,PROA265S,265,A,265,PRO,SER,2.85038,,,0.1103
SMHOM,smhom_4xbm_2_a_134_354,55.15,PROA265L,265,A,265,PRO,LEU,1.56382,,,0.1103
SMHOM,smhom_4xbm_2_a_134_354,55.15,GLYA267S,267,A,267,GLY,SER,0.173194,,,0.1103
SMHOM,smhom_4xbm_2_a_134_354,55.15,ASPA272Y,272,A,272,ASP,TYR,-0.948656,,,0.1103
SMHOM,smhom_4xbm_2_a_134_354,55.15,PROA277L,277,A,277,PRO,LEU,1.34024,,,0.1103
SMHOM,smhom_4xbm_2_a_134_354,55.15,GLYA288E,288,A,288,GLY,GLU,2.41636,,,0.1103
SMHOM,smhom_4xbm_2_a_134_354,55.15,ASPA293N,293,A,293,ASP,ASN,-0.461309,,,0.1103
SMHOM,smhom_4xbm_2_a_134_354,55.15,THRA305I,305,A,305,THR,ILE,-0.751107,,,0.1103
SMHOM,smhom_4xbm_2_a_134_354,55.15,SERA312F,312,A,312,SER,PHE,0.369462,,,0.1103
SMHOM,smhom_4xbm_2_a_134_354,55.15,PROA323L,323,A,323,PRO,LEU,1.10693,,,0.1103
SMHOM,smhom_4xbm_2_a_134_354,55.15,GLYA329E,329,A,329,GLY,GLU,3.53004,,,0.1103
SMHOM,smhom_4xbm_2_a_134_354,55.15,GLYA329R,329,A,329,GLY,ARG,3.19585,,,0.1103
SMHOM,smhom_4xbm_2_a_134_354,55.15,HISA340L,340,A,340,HIS,LEU,-0.638089,,,0.1103